-- phpMyAdmin SQL Dump
-- version 5.2.0
-- https://www.phpmyadmin.net/
--
-- Hôte : 127.0.0.1:3306
-- Généré le : ven. 13 oct. 2023 à 21:37
-- Version du serveur : 8.0.31
-- Version de PHP : 8.0.26

SET SQL_MODE = "NO_AUTO_VALUE_ON_ZERO";
START TRANSACTION;
SET time_zone = "+00:00";


/*!40101 SET @OLD_CHARACTER_SET_CLIENT=@@CHARACTER_SET_CLIENT */;
/*!40101 SET @OLD_CHARACTER_SET_RESULTS=@@CHARACTER_SET_RESULTS */;
/*!40101 SET @OLD_COLLATION_CONNECTION=@@COLLATION_CONNECTION */;
/*!40101 SET NAMES utf8mb4 */;

--
-- Base de données : `product`
--

-- --------------------------------------------------------

--
-- Structure de la table `category`
--

DROP TABLE IF EXISTS `category`;
CREATE TABLE IF NOT EXISTS `category` (
  `category` varchar(25) NOT NULL,
  `sub_category` varchar(25) NOT NULL,
  `number` varchar(10) NOT NULL,
  UNIQUE KEY `number` (`number`)
) ENGINE=InnoDB DEFAULT CHARSET=utf8mb4 COLLATE=utf8mb4_0900_ai_ci;

--
-- Déchargement des données de la table `category`
--

INSERT INTO `category` (`category`, `sub_category`, `number`) VALUES
('clothing', '', '002313'),
('shoes', '', '006022'),
('clothing', '', '009227'),
('shoes', '', '010153'),
('clothing', '', '036726'),
('clothing', '', '042108'),
('shoes', '', '055503'),
('shoes', '', '062726'),
('shoes', '', '064997'),
('clothing', '', '065671'),
('clothing', '', '118422'),
('clothing', '', '136195'),
('shoes', '', '147522'),
('clothing', '', '147642'),
('clothing', '', '148165'),
('clothing', '', '152619'),
('shoes', '', '159391'),
('clothing', '', '164958'),
('clothing', '', '168333'),
('clothing', '', '170702'),
('clothing', '', '170858'),
('shoes', '', '175438'),
('clothing', '', '184678'),
('clothing', '', '185194'),
('shoes', '', '187534'),
('clothing', '', '188736'),
('shoes', '', '193170'),
('shoes', '', '204531'),
('clothing', '', '213733'),
('clothing', '', '221820'),
('clothing', '', '224482'),
('clothing', '', '225239'),
('clothing', '', '227730'),
('shoes', '', '233657'),
('shoes', '', '239870'),
('clothing', '', '246868'),
('clothing', '', '252404'),
('clothing', '', '259167'),
('clothing', '', '262807'),
('clothing', '', '266434'),
('clothing', '', '269036'),
('clothing', '', '275446'),
('clothing', '', '281536'),
('shoes', '', '281848'),
('clothing', '', '298111'),
('shoes', '', '300966'),
('clothing', '', '304294'),
('clothing', '', '310230'),
('clothing', '', '310382'),
('clothing', '', '313121'),
('clothing', '', '314785'),
('shoes', '', '319760'),
('clothing', '', '320019'),
('shoes', '', '320550'),
('shoes', '', '322161'),
('shoes', '', '326447'),
('clothing', '', '326835'),
('clothing', '', '333959'),
('clothing', '', '339411'),
('clothing', '', '343952'),
('shoes', '', '352008'),
('clothing', '', '356358'),
('clothing', '', '357743'),
('clothing', '', '370611'),
('accessories', '', '381642'),
('clothing', '', '383954'),
('clothing', '', '390782'),
('clothing', '', '404261'),
('clothing', '', '405097'),
('clothing', '', '414431'),
('clothing', '', '420240'),
('clothing', '', '425264'),
('shoes', '', '428024'),
('shoes', '', '435112'),
('clothing', '', '439710'),
('shoes', '', '440767'),
('shoes', '', '442577'),
('shoes', '', '442801'),
('clothing', '', '445902'),
('clothing', '', '451456'),
('clothing', '', '475310'),
('clothing', '', '479070'),
('shoes', '', '487023'),
('shoes', '', '488096'),
('shoes', '', '493567'),
('clothing', '', '497930'),
('shoes', '', '502944'),
('clothing', '', '510465'),
('clothing', '', '512659'),
('clothing', '', '513734'),
('shoes', '', '517240'),
('shoes', '', '522220'),
('clothing', '', '524806'),
('clothing', '', '525319'),
('clothing', '', '546472'),
('clothing', '', '557191'),
('shoes', '', '557303'),
('shoes', '', '574028'),
('clothing', '', '574704'),
('clothing', '', '575758'),
('clothing', '', '577868'),
('shoes', '', '580368'),
('clothing', '', '590003'),
('clothing', '', '592440'),
('clothing', '', '594636'),
('clothing', '', '598988'),
('clothing', '', '602402'),
('shoes', '', '613747'),
('shoes', '', '614871'),
('clothing', '', '625745'),
('shoes', '', '630159'),
('shoes', '', '632524'),
('clothing', '', '633976'),
('clothing', '', '651099'),
('shoes', '', '671958'),
('shoes', '', '679892'),
('clothing', '', '679931'),
('clothing', '', '680299'),
('clothing', '', '685914'),
('clothing', '', '717436'),
('clothing', '', '718135'),
('shoes', '', '733569'),
('shoes', '', '749546'),
('shoes', '', '751579'),
('shoes', '', '773522'),
('shoes', '', '780684'),
('clothing', '', '782508'),
('clothing', '', '786824'),
('clothing', '', '808638'),
('clothing', '', '820660'),
('clothing', '', '824268'),
('clothing', '', '830054'),
('clothing', '', '846361'),
('clothing', 'boy', '854063'),
('clothing', '', '872647'),
('clothing', '', '901155'),
('shoes', '', '901466'),
('clothing', '', '903056'),
('shoes', '', '903121'),
('clothing', '', '909952'),
('clothing', '', '916715'),
('clothing', '', '920921'),
('clothing', '', '920969'),
('clothing', '', '922092'),
('shoes', '', '930510'),
('shoes', '', '941755'),
('clothing', '', '970003'),
('shoes', '', '990359');

-- --------------------------------------------------------

--
-- Structure de la table `images`
--

DROP TABLE IF EXISTS `images`;
CREATE TABLE IF NOT EXISTS `images` (
  `url_img` varchar(200) NOT NULL,
  `number_img` int NOT NULL,
  `number` varchar(10) NOT NULL,
  KEY `number` (`number`)
) ENGINE=InnoDB DEFAULT CHARSET=utf8mb4 COLLATE=utf8mb4_0900_ai_ci;

--
-- Déchargement des données de la table `images`
--

INSERT INTO `images` (`url_img`, `number_img`, `number`) VALUES
('/product/11_10_2023_281536_1.jpg', 3, '281536'),
('/product/11_10_2023_304294_1.jpg', 5, '304294'),
('/product/11_10_2023_310230_1.jpg', 6, '310230'),
('/product/11_10_2023_592440_1.jpg', 4, '592440'),
('/product/11_10_2023_916715_1.jpg', 5, '916715'),
('/product/11_10_2023_824268_1.jpg', 5, '824268'),
('/product/11_10_2023_808638_1.jpg', 7, '808638'),
('/product/11_10_2023_475310_1.jpg', 5, '475310'),
('/product/11_10_2023_152619_1.jpg', 5, '152619'),
('/product/11_10_2023_185194_1.jpg', 1, '185194'),
('/product/11_10_2023_557191_1.jpg', 3, '557191'),
('/product/11_10_2023_314785_1.jpg', 4, '314785'),
('/product/11_10_2023_970003_1.jpg', 5, '970003'),
('/product/11_10_2023_680299_1.jpg', 2, '680299'),
('/product/11_10_2023_513734_1.jpg', 3, '513734'),
('/product/11_10_2023_872647_1.jpg', 2, '872647'),
('/product/11_10_2023_577868_1.jpg', 3, '577868'),
('/product/11_10_2023_356358_1.jpg', 2, '356358'),
('/product/11_10_2023_546472_1.jpg', 4, '546472'),
('/product/11_10_2023_425264_1.jpg', 3, '425264'),
('/product/11_10_2023_590003_1.jpg', 2, '590003'),
('/product/11_10_2023_525319_1.jpg', 4, '525319'),
('/product/11_10_2023_313121_1.jpg', 4, '313121'),
('/product/11_10_2023_830054_1.jpg', 4, '830054'),
('/product/11_10_2023_383954_1.jpg', 4, '383954'),
('/product/11_10_2023_118422_1.jpg', 3, '118422'),
('/product/11_10_2023_574704_1.jpg', 5, '574704'),
('/product/11_10_2023_326835_1.jpg', 3, '326835'),
('/product/11_10_2023_164958_1.jpg', 2, '164958'),
('/product/11_10_2023_909952_1.jpg', 5, '909952'),
('/product/11_10_2023_310382_1.jpg', 4, '310382'),
('/product/11_10_2023_275446_1.jpg', 2, '275446'),
('/product/11_10_2023_651099_1.jpg', 4, '651099'),
('/product/11_10_2023_298111_1.jpg', 3, '298111'),
('/product/12_10_2023_320019_1.jpg', 3, '320019'),
('/product/12_10_2023_598988_1.jpg', 5, '598988'),
('/product/12_10_2023_390782_1.jpg', 5, '390782'),
('/product/12_10_2023_920921_1.jpg', 5, '920921'),
('/product/12_10_2023_594636_1.jpg', 3, '594636'),
('/product/12_10_2023_213733_1.jpg', 3, '213733'),
('/product/12_10_2023_269036_1.jpg', 5, '269036'),
('/product/12_10_2023_065671_1.jpg', 3, '065671'),
('/product/12_10_2023_445902_1.jpg', 6, '445902'),
('/product/12_10_2023_227730_1.jpg', 3, '227730'),
('/product/12_10_2023_846361_1.jpg', 4, '846361'),
('/product/12_10_2023_009227_1.jpg', 5, '009227'),
('/product/12_10_2023_782508_1.jpg', 5, '782508'),
('/product/12_10_2023_404261_1.jpg', 2, '404261'),
('/product/12_10_2023_820660_1.jpg', 5, '820660'),
('/product/12_10_2023_184678_1.jpg', 3, '184678'),
('/product/12_10_2023_479070_1.jpg', 3, '479070'),
('/product/12_10_2023_042108_1.jpg', 4, '042108'),
('/product/12_10_2023_524806_1.jpg', 3, '524806'),
('/product/12_10_2023_575758_1.jpg', 3, '575758'),
('/product/12_10_2023_786824_1.jpg', 3, '786824'),
('/product/12_10_2023_339411_1.jpg', 4, '339411'),
('/product/12_10_2023_510465_1.jpg', 4, '510465'),
('/product/12_10_2023_633976_1.jpg', 3, '633976'),
('/product/12_10_2023_420240_1.jpg', 3, '420240'),
('/product/12_10_2023_357743_1.jpg', 5, '357743'),
('/product/12_10_2023_414431_1.jpg', 3, '414431'),
('/product/12_10_2023_922092_1.jpg', 5, '922092'),
('/product/12_10_2023_920969_1.jpg', 3, '920969'),
('/product/12_10_2023_405097_1.jpg', 5, '405097'),
('/product/12_10_2023_036726_1.jpg', 3, '036726'),
('/product/12_10_2023_343952_1.jpg', 5, '343952'),
('/product/12_10_2023_439710_1.jpg', 4, '439710'),
('/product/12_10_2023_224482_1.jpg', 5, '224482'),
('/product/12_10_2023_901155_1.jpg', 4, '901155'),
('/product/12_10_2023_170702_1.jpg', 5, '170702'),
('/product/12_10_2023_497930_1.jpg', 5, '497930'),
('/product/12_10_2023_333959_1.jpg', 4, '333959'),
('/product/12_10_2023_168333_1.jpg', 6, '168333'),
('/product/12_10_2023_147642_1.jpg', 3, '147642'),
('/product/12_10_2023_685914_1.jpg', 5, '685914'),
('/product/12_10_2023_717436_1.jpg', 4, '717436'),
('/product/12_10_2023_148165_1.jpg', 2, '148165'),
('/product/12_10_2023_259167_1.jpg', 6, '259167'),
('/product/12_10_2023_252404_1.jpg', 5, '252404'),
('/product/12_10_2023_002313_1.jpg', 5, '002313'),
('/product/12_10_2023_903056_1.jpg', 6, '903056'),
('/product/12_10_2023_718135_1.jpg', 4, '718135'),
('/product/12_10_2023_679931_1.jpg', 4, '679931'),
('/product/12_10_2023_370611_1.jpg', 6, '370611'),
('/product/12_10_2023_246868_1.jpg', 5, '246868'),
('/product/12_10_2023_451456_1.jpg', 5, '451456'),
('/product/12_10_2023_221820_1.jpg', 4, '221820'),
('/product/12_10_2023_625745_1.jpg', 5, '625745'),
('/product/12_10_2023_225239_1.jpg', 3, '225239'),
('/product/12_10_2023_512659_1.jpg', 4, '512659'),
('/product/12_10_2023_170858_1.jpg', 2, '170858'),
('/product/12_10_2023_602402_1.jpg', 3, '602402'),
('/product/12_10_2023_262807_1.jpg', 2, '262807'),
('/product/12_10_2023_136195_1.jpg', 2, '136195'),
('/product/12_10_2023_188736_1.jpg', 5, '188736'),
('/product/12_10_2023_266434_1.jpg', 5, '266434'),
('/product/12_10_2023_854063_1.jpg', 2, '854063'),
('/product/12_10_2023_381642_1.jpg', 5, '381642'),
('/product/13_10_2023_159391_1.jpg', 4, '159391'),
('/product/13_10_2023_147522_1.jpg', 4, '147522'),
('/product/13_10_2023_010153_1.jpg', 1, '010153'),
('/product/13_10_2023_903121_1.jpg', 1, '903121'),
('/product/13_10_2023_679892_1.jpg', 1, '679892'),
('/product/13_10_2023_613747_1.jpg', 1, '613747'),
('/product/13_10_2023_239870_1.jpg', 1, '239870'),
('/product/13_10_2023_630159_1.jpg', 1, '630159'),
('/product/13_10_2023_006022_1.jpg', 1, '006022'),
('/product/13_10_2023_749546_1.jpg', 1, '749546'),
('/product/13_10_2023_671958_1.jpg', 1, '671958'),
('/product/13_10_2023_614871_1.jpg', 1, '614871'),
('/product/13_10_2023_281848_1.jpg', 1, '281848'),
('/product/13_10_2023_326447_1.jpg', 1, '326447'),
('/product/13_10_2023_175438_1.jpg', 1, '175438'),
('/product/13_10_2023_062726_1.jpg', 1, '062726'),
('/product/13_10_2023_580368_1.jpg', 1, '580368'),
('/product/13_10_2023_440767_1.jpg', 1, '440767'),
('/product/13_10_2023_204531_1.jpg', 1, '204531'),
('/product/13_10_2023_522220_1.jpg', 1, '522220'),
('/product/13_10_2023_502944_1.jpg', 1, '502944'),
('/product/13_10_2023_574028_1.jpg', 1, '574028'),
('/product/13_10_2023_233657_1.jpg', 1, '233657'),
('/product/13_10_2023_435112_1.jpg', 1, '435112'),
('/product/13_10_2023_352008_1.jpg', 1, '352008'),
('/product/13_10_2023_319760_1.jpg', 1, '319760'),
('/product/13_10_2023_055503_1.jpg', 1, '055503'),
('/product/13_10_2023_428024_1.jpg', 1, '428024'),
('/product/13_10_2023_488096_1.jpg', 1, '488096'),
('/product/13_10_2023_193170_1.jpg', 1, '193170'),
('/product/13_10_2023_493567_1.jpg', 1, '493567'),
('/product/13_10_2023_901466_1.jpg', 1, '901466'),
('/product/13_10_2023_733569_1.jpg', 1, '733569'),
('/product/13_10_2023_064997_1.jpg', 1, '064997'),
('/product/13_10_2023_632524_1.jpg', 1, '632524'),
('/product/13_10_2023_442577_1.jpg', 1, '442577'),
('/product/13_10_2023_322161_1.jpg', 1, '322161'),
('/product/13_10_2023_300966_1.jpg', 1, '300966'),
('/product/13_10_2023_773522_1.jpg', 1, '773522'),
('/product/13_10_2023_780684_1.jpg', 1, '780684'),
('/product/13_10_2023_517240_1.jpg', 1, '517240'),
('/product/13_10_2023_751579_1.jpg', 1, '751579'),
('/product/13_10_2023_930510_1.jpg', 1, '930510'),
('/product/13_10_2023_941755_1.jpg', 1, '941755'),
('/product/13_10_2023_442801_1.jpg', 1, '442801'),
('/product/13_10_2023_487023_1.jpg', 1, '487023'),
('/product/13_10_2023_557303_1.jpg', 1, '557303'),
('/product/13_10_2023_320550_1.jpg', 1, '320550'),
('/product/13_10_2023_990359_1.jpg', 1, '990359'),
('/product/13_10_2023_187534_1.jpg', 1, '187534');

-- --------------------------------------------------------

--
-- Structure de la table `product`
--

DROP TABLE IF EXISTS `product`;
CREATE TABLE IF NOT EXISTS `product` (
  `number` varchar(10) NOT NULL,
  `title` varchar(2000) CHARACTER SET utf8mb4 COLLATE utf8mb4_0900_ai_ci NOT NULL,
  `price` float NOT NULL,
  `gender` varchar(25) NOT NULL,
  `type` varchar(150) CHARACTER SET utf8mb4 COLLATE utf8mb4_0900_ai_ci NOT NULL,
  `partenaire` varchar(25) NOT NULL,
  `affiliate_link` text NOT NULL,
  `description` text NOT NULL,
  `date` datetime NOT NULL DEFAULT CURRENT_TIMESTAMP,
  PRIMARY KEY (`number`)
) ENGINE=InnoDB DEFAULT CHARSET=utf8mb4 COLLATE=utf8mb4_0900_ai_ci;

--
-- Déchargement des données de la table `product`
--

INSERT INTO `product` (`number`, `title`, `price`, `gender`, `type`, `partenaire`, `affiliate_link`, `description`, `date`) VALUES
('002313', 'Champion Men\'s Jacket, Stadium Packable Wind and Water Resistant Jacket (Reg. Or Big & Tall)', 0, 'men', 'sweaters-cardigans-coats-', 'Amazon', 'https://amzn.to/48JsyFH', '100% Polyester\r\nImported\r\nPolyester lining\r\nZipper closure\r\nMachine Wash\r\nWIND- AND WATER-RESISTANT - A special waterproof coating will come in handy whenever the weather takes a turn.\r\nLIGHT AND PACKABLE - Folds into its own zip pocket to form a neat pouch you can tuck away anywhere.', '2023-10-12 12:50:28'),
('006022', 'Dr. Scholl\'s Shoes Women\'s Ruler Slip On Loafer', 34.99, 'women', 'loafers-oxfords-derbies', 'Amazon', 'https://amzn.to/3Fh8Cwj', '100% Synthetic\r\nImported\r\nSynthetic sole\r\nShaft measures approximately ankle-high from arch\r\nSUSTAINABLY CRAFTED: A womens casual loafer with eco-conscious fabric toe box, linings and topcloth made from recycled bottles, and heel counter made from recycled materials\r\nMATERIALS: Womens casual flat loafer with microsuede made from recycled bottles or leopard print fabric\r\nFIT: Slip on womens loafers with inside gore for extra flexibility and easy on/off', '2023-10-13 17:29:28'),
('009227', 'The Drop Women\'s Edwin Essential V-Neck Sweaater', 59.9, 'women', 'jumpsuits-rompers-overall', 'Amazon', 'https://amzn.to/3Fchbs3', '55% Recycle Polyester, 30% Acrylic, 10% Nylon, 5% Merino Wool\r\nImported\r\nPull On closure\r\nMachine Wash\r\nStaples by The Drop\r\nModels are 5\'10\"/178 cm and wearing a size S and XXL\r\nThis top is 22\"/56 cm long in a size S and 24.5\"/ 62 cm in a size XXL', '2023-10-12 01:05:02'),
('010153', 'Dr. Scholl\'s Shoes Women\'s Time Off Sneaker', 59.99, 'women', 'boots-ankle-boots', 'Amazon', 'https://amzn.to/48SN5Yd', 'Imported\r\nPolyurethane sole\r\nSUSTAINABLY CRAFTED: Womens slip on fashion sneaker with eco-conscious fabric toe box, linings and topcloth made from recycled bottles, and heel counter made from recycled materials\r\nMATERIALS: Womens casual slip on loafer made with water-resistant faux leather, canvas fabric, ripstop made from recycled plastic bottles, or partially recycled neoprene fabric\r\nFIT: Womens slip on platform sneaker with strech laces for a secure fit\r\nSUSTAINABLE COMFORT: Insole Technology with anatomical cushioning, comfort & support\r\nMOVEMENT: Lightweight, flexible construction moves with you', '2023-10-13 16:28:12'),
('036726', 'Lee Women\'s Wrinkle Free Relaxed Fit Straight Leg Pant', 33.9, 'women', 'pants-jeans', 'Amazon', 'https://amzn.to/48Jigp7', '100% Polyester\r\nImported\r\nZipper closure\r\nMachine Wash\r\nRELAXED FIT. With a relaxed fit and mid rise, these pants are a wardrobe necessity. These women\'s slacks help keep you looking wrinkle-free for carefree wear from work to dinner.\r\nWRINKLE-FREE. Made with wrinkle-free fabric, these women\'s dress pants are low maintenance and worry-free with a polished look. A flexible waistband and stretch fabric offers comfortable stretch.\r\nSLIM POCKETS. Two front slant pockets and back welt pockets offer convenient small-item storage.', '2023-10-12 02:01:52'),
('042108', 'Amazon Essentials Women\'s Supersoft Terry Long-Sleeve V-Neck Wrap Jumpsuit (Previously Daily Ritual)', 29.93, 'women', 'jumpsuits-rompers-overall', 'Amazon', 'https://amzn.to/3RWjzLh', '97% Rayon, 3% Spandex\r\nImported\r\nPull On closure\r\nMachine Wash\r\nThis product was previously sold as Daily Ritual and now as Amazon Essentials.', '2023-10-12 01:18:10'),
('055503', 'SOUL Naturalizer Women\'s Neela Slip on Fashion Ballet Flat Sneaker', 0, 'women', 'flats-heels-pumps', 'Amazon', 'https://amzn.to/45KZMSt', 'Imported\r\nPolyurethane sole\r\nSporty + comfy womens slip on shoes with textured flatform sole\r\nMetallic synthetic or synthetic upper with a closed round toe flat shoes for women\r\nSlip on fit with back pull tab for easy on/off and comfortable everyday wear\r\nAll-Thru Comfort: soft foam lining, arch support with memory foam, lightweight and flexible outsole\r\n1 1/8 inch heel flatform platform sneaker', '2023-10-13 19:18:18'),
('062726', 'Nike Women\'s Air Force 1 \'07 White/White (DD8959 100)', 114.95, 'women', 'boots-ankle-boots', 'Amazon', 'https://amzn.to/3RXQ9MX', 'Rubber sole\r\nLow-cut silhouette for a lo-to-the ground feel and versatile look\r\nLeather and textile upper for premium durability\r\nMetal deubre on the laces with “AF-1 ‘82” honoring the shoe’s debut\r\nPerforations on the toe and sides adds ventilation', '2023-10-13 17:51:48'),
('064997', 'WHITE MOUNTAIN Women\'s Shoes Gleesome Oxford Flat', 56.95, 'women', 'loafers-oxfords-derbies', 'Amazon', 'https://amzn.to/45pe2jq', '100% Leather\r\nImported\r\nSynthetic sole\r\nLace up Oxford\r\nFlexible Outsole fully padded insole\r\nLug sole\r\nComfortable with Arch support', '2023-10-13 19:29:07'),
('065671', 'Azules Women\'s Rayon Span Regular to Plus Size Maxi Skirt - Solid', 19.97, 'women', 'skirt-dress', 'Amazon', 'https://amzn.to/46rZAIJ', 'A Skirt for Every Season: Enjoy year-round wear with this lightweight and breathable maxi skirt. During colder months, layer it with tights, boots, and a cozy sweater for a cozy and stylish look. In warmer weather, the skirt\'s breezy design will keep you feeling fresh and cool, making it a wardrobe essential regardless of the season.', '2023-10-12 00:32:18'),
('118422', 'Tommy Hilfiger Women\'s Cff Ankl PNT W/Lgo', 34, 'women', 'pants-jeans', 'Amazon', 'https://amzn.to/46MMMfE', '65% Cotton, 33% Rayon, 2% Spandex\r\nImported\r\nZipper closure\r\nMachine Wash\r\nThis expresses your active lifestyle as highlighted with a standard cut and a cff ankl pnt w/logo style', '2023-10-11 23:13:33'),
('136195', 'HUGO Men\'s Hem Logo Regular Fit Crew Neck T-Shirt', 33.86, 'men', 't-shirts-polos-lacoste', 'Amazon', 'https://amzn.to/3RVt656', '100% Cotton\r\nImported\r\nPull On closure\r\nMachine Wash\r\nMaterial composition: 100% Cotton\r\nCare instructions: Machine Wash\r\nStyle: Regular Fit Crew Neck Short Sleeve T-shirt', '2023-10-12 13:29:43'),
('147522', 'Nautilus Safety Footwear Women\'s Westside Industrial Shoe', 74.99, 'women', 'sandals-open-toe-shoes-slippers-espadrilles', 'Amazon', 'https://amzn.to/45vshTX', '100% Synthetic\r\nImported\r\nRubber sole\r\nShaft measures approximately 3\" from arch\r\nDESIGNED FOR SAFETY - Steel Safety Toe, Static Dissipative, Slip-Resistant Sole\r\nKEY CERTIFICATIONS - Meets ASTM F2413-18 I and C standards, achieves ASTM F2412-18 EH Rating, certified slip-resistant under ASTM F3445-21 standard\r\nPREMIUM MATERIALS - Made out of a canvas textile upper for maximum comfort and durability', '2023-10-13 16:21:49'),
('147642', 'Lucky Brand Men\'s 363 Vintage Straight Jean', 49.99, 'men', 'pants-jeans-khaki', 'Amazon', 'https://amzn.to/45rAVTo', '93% Cotton, 5% Polyester, 2% Elastane\r\nImported\r\nZipper closure\r\nMachine Wash\r\nInseam: available in 30\", 32\" and 34\"\r\nFIT: Mid-rise, classic fit with a straight leg\r\nFront rise: 10 1/2 inches, Leg opening: 17 inches (Size 32)', '2023-10-12 12:05:48'),
('148165', 'GUESS Men\'s Mid-Weight Puffer Jacket with Removable Hood', 85.99, 'men', 'sweaters-cardigans-coats-', 'Amazon', 'https://amzn.to/3FcJBSL', '100% Nylon\r\nImported\r\nZipper closure\r\nMachine Wash\r\nFashion you can count on for simple, comfortable style\r\nWardrobe essentials: An essential part of any stylish wardrobe', '2023-10-12 12:45:07'),
('152619', 'Amazon Essentials Women\'s French Terry Fleece Pullover Hoodie (Available in Plus Size)', 28, 'women', 'sweaters-cardigans-coats', 'Amazon', 'https://amzn.to/48R1tjE', 'REGULAR FIT: Close but comfortable fit through chest, waist, and hips.\r\nCOZY BRUSHED BACK FLEECE: Buttery soft and comfy midweight cotton blend fleece with brushed interior.\r\nEVERYDAY HOODIE: Designed to be both your on the go and lounging essential. Pair back to jeans for a casual look or matching sweatpants for a head-to-toe comfy look.\r\nDETAILS: Adjustable drawstring hood, roomy kangaroo front pocket, and soft rib detail at cuffs and hem for enhanced stretch and recovery.', '2023-10-11 22:07:13'),
('159391', 'Isotoner Women’s Satin Ballerina Slippers - Satin Slippers with Bow, Great for Indoor and Outdoor Use, Bridal Party Gifts, Travel Slippers that are Foldable and Machine Washable', 109.95, 'women', 'sandals-open-toe-shoes-sl', 'Amazon', 'https://amzn.to/3Qhdisu', '100% Satin\r\nImported\r\nSuede sole\r\nSATIN BALLERINA SLIPPER: Classic women’s slipper with a contoured fit plush satin envelopes the foot for total comfort cotton blend keeps you cool for all-day wear; perfect for bridal parties, travel, or elegant slippers to wear at home\r\nSOPHISTICATED STYLE & COMFORT: Breathable and lightweight slippers for easy-to-wear comfort with flexible fit and satin bow add sophisticated style; slip pumps and dress shoes off and wear this ballerina slipper for ultimate comfort\r\nVERSATILE & TRAVEL-FRIENDLY SLIPPERS: This indoor house shoe is versatile, supremely soft, and breathable and features cotton terry lining for cozy comfort all year round; foldable and perfect to throw in your bag while traveling or at work\r\nGENUINE SUEDE SOLE: Experience unmatched comfort and durability with a genuine suede sole ensuring every step in these satin slippers is cushioned and secure; plus, these comfy slippers are machine washable\r\n4-WAY STRETCH CONTOURED FIT: These elegant slippers feature a unique 4-way stretch that offers a contoured adaptive fit that molds to the unique shape of your feet for personalized comfort', '2023-10-13 14:32:54'),
('164958', 'Democracy Women\'s Petite Ab Solution Ankle Skimmer', 37, 'women', 'pants-jeans', 'Amazon', 'https://amzn.to/3LYvJiP', 'Pockets a strategically placed for a figure flattering shape and a sweetheart back yoke to \"boost your assets\"\r\nOur favorite style and now eco-friendly! Made with repreve fabric', '2023-10-11 23:35:02'),
('168333', 'Lee Men\'s Extreme Motion Regular Boot Jean', 33.6, 'men', 'pants-jeans-khaki', 'Amazon', 'https://amzn.to/48T1Daj', '69% Cotton, 20% Polyester, 8% Rayon, 3% Spandex\r\nImported\r\nZipper closure\r\nMachine Wash\r\nRegular Fit, Boot cut leg opening\r\nSits Just Below the Waist\r\nFeaturing an Extreme Flex Waistband', '2023-10-12 12:02:32'),
('170702', 'Wrangler Authentics Men\'s Relaxed Fit Boot Cut Jean', 28.99, 'men', 'pants-jeans-khaki', 'Amazon', 'https://amzn.to/3LW54mV', '78% Cotton, 21% Polyester, 1% Spandex\r\nImported\r\nZipper closure\r\nMachine Wash\r\nTRADITIONAL STYLE. This classic jean is sure to be comfortable and functional for your everyday wear. From the office to a backyard barbeque, this jean is built for versatility and comfort with a timeless silhouette.\r\nFIVE POCKET JEAN. Keeping it classic with this traditional 5-pocket boot cut jean. Made with (2) slant pockets, (2) back patch pockets, and (1) right coin pocket.\r\nRELAXED FIT. Constructed with your comfort in mind, this denim pant is made with 100% cotton or premium flex denim. With a relaxed seat and thigh, this jean sits at the natural waistline.', '2023-10-12 11:53:55'),
('170858', 'Oakley Men\'s O-Bold Ellipse Tee', 30, 'men', 't-shirts-polos-lacoste', 'Amazon', 'https://amzn.to/3tugR5s', '85% Polyester, 15% Cotton\r\nImported\r\nMachine Wash\r\nDurable rib crew neck\r\nOakley logo centered at the chest\r\nVisit Oakley.com to shop the entire Oakley apparel assortment', '2023-10-12 13:25:02'),
('175438', 'Columbia Women\'s Newton Ridge Plus Waterproof Amped Hiking Boot', 0, 'women', 'boots-ankle-boots', 'Amazon', 'https://amzn.to/46sf4g0', 'Imported\r\nRubber sole\r\nShaft measures approximately ankle-high from arch\r\nADVANCED TECHNOLOGY: The Newton Ridge Plus Waterproof Amped Hiking Boot features a seam-sealed construction, combined with our TECHLITE lightweight midsole, for long-lasting comfort with superior cushioning and high energy return.\r\nDURABLE HIKING BOOT: This women\'s boot is inspired by classic mountaineering style. A durable mid cut waterproof hiker that provides great traction and comfort. This classic Columbia hiking boot, will deliver years of comfortable service.\r\nALL TERRAIN TRACTION: Our signature Omni-GRIP non-marking traction rubber outsole provides high grip across a wide variety of terrain, and versatile three season use.\r\nHANDY FEATURES: Treacherous days out on the trail are comfortable and worry-free with this hiking boot\'s waterproof combination of supportive leather and suede construction.\r\nREINFORCED TOE AND HEEL CONSTRUCTION: Designed for extended years of use, we’ve reinforced the toe and heel barriers, and extended the outsole toe overwrap to guard these key wear points.', '2023-10-13 17:43:27'),
('184678', 'Billabong Women\'s Wild Pursuit Short Overall', 43.84, 'women', 'jumpsuits-rompers-overall', 'Amazon', 'https://amzn.to/46HOIpW', '60% Cotton, 40% Viscose\r\nImported\r\nPull On closure\r\nHand Wash Only\r\nBILLABONG WILD PURSUIT: A laid-back take on the short overall, this features a vintage washed and well-worn woven fabric with classic overall pockets; A blend of playsuit and overalls, details include a rolled hem and straps that tie at the front\r\nLIGHTWEIGHT COMFORT: The Wild Pursuit Short Overall comes in a cotton and viscose blend that provides a soft, lightweight feel in an easy, comfortable fi', '2023-10-12 01:13:15'),
('185194', 'Carhartt Women\'s Relaxed Fit Midweight Logo Sleeve Graphic Sweatshirt', 0, 'women', 'sweaters-cardigans-coats', 'Amazon', 'https://amzn.to/3LTJvmU', '55% Cotton, 45% Polyester\r\nImported\r\nPullover closure\r\nMachine Wash\r\nRELAXED FIT\r\n10.5-ounce, 55% cotton/45% polyester\r\nPullover with attached three-piece hood\r\nCarhartt signature logo printed on left sleeve with Carhartt \'C\' graphic on front', '2023-10-11 22:08:45'),
('187534', 'Marc Fisher Women\'s Hamish Pump', 48.95, 'women', 'flats-heels-pumps', 'Amazon', 'https://amzn.to/46NLLnP', 'Synthetic Rubber sole\r\nComplete your look in the Marc Fisher Hamish dress loafers. The Hamish features a slip-on design, modern square toe and tapered block heel for extra cuteness.\r\nSquare Toe\r\nSlip on Closure\r\nImported\r\n3.27\" Heel Height', '2023-10-13 20:06:04'),
('188736', 'Amazon Essentials Men\'s Straight-Fit Woven Pajama Pant', 19, 'men', 'pants-jeans-joggers', 'Amazon', 'https://amzn.to/3M05CrT', '100% Cotton\r\nImported\r\nDrawstring closure\r\nMachine Wash at 40°C\r\nREGULAR FIT: Comfortable, easy fit through the hip and thigh with a straight leg. Sits below the waist.\r\nCOTTON POPLIN: Lightweight, crisp and cool cotton poplin provides ultimate comfort and breathability while sleeping.\r\nCOTTON POPLIN PAJAMA PANT: Our pajama pant provides a comfortable and cool night\'s sleep.\r\nDETAILS: Featuring an elasticated waistband with an adjustable drawcord for ease and comfort, button fly closure, and side pockets to hold your small essentials.', '2023-10-12 13:58:03'),
('193170', 'SOUL Naturalizer Women\'s Triya Block Heel Tall Boot Knee High', 0, 'women', 'flats-heels-pumps', 'Amazon', 'https://amzn.to/3MnM4hx', 'Imported\r\nSynthetic Rubber sole\r\nShaft measures approximately Knee High from arch\r\nBoot opening measures approximately 14.57\" around\r\nComfortable, all day block heel boots for women with crisscross straps and buckle detail\r\nWomen\'s knee high boots with synthetic upper with a round toe\r\nTall boots with side zip closure and elastic goring panel for extra flexibility', '2023-10-13 19:23:37'),
('204531', 'Vince Camuto Women\'s Antinalie High Heel Sandal Heeled', 0, 'women', 'flats-heels-pumps', 'Amazon', 'https://amzn.to/3rQJAkw', 'Rubber sole\r\nPatent Leather Material\r\nSandal - Heeled\r\nBuckle Closure', '2023-10-13 17:59:19'),
('213733', 'Max Studio Women\'s Faux Suede A-line', 38.46, 'women', 'skirt-dress', 'Amazon', 'https://amzn.to/474dFfB', '95% Polyester, 5% Spandex\r\nImported\r\nPull On closure\r\nMachine Wash\r\nFaux Suede Material - Soft, stylish and sure to be a wardrobe favorite, this women\'s midi skirt is made from a luxuriously soft faux sued fabric. Perfect for elevating any look.\r\nA-Line Silhouette - Look stylish in this flattering skirt! The A-line cut adds a feminie shape to any look. With its faux suede material and Sequoia color, this skirt is a must-have for your wardrobe. Don\'t miss out on this skirt to give any look a modern touch!\r\nMidi Length - Add style to any look with this midi-length skirt. The perfect wardrobe essential for any woman, this faux suede skirt can be dressed up or down for any occasion. Women\'s skirt in on-trend midi length.', '2023-10-12 00:26:22'),
('221820', 'Hanes Originals Lightweight, Crewneck T-Shirts for Men, Tri-Blend Tee', 10.51, 'men', 't-shirts-polos-lacoste', 'Amazon', 'https://amzn.to/3PUr2Yr', '60% Recycled Polyester, 30% Cotton, 10% Rayon\r\nImported\r\nPull On closure\r\nMachine Wash\r\nBASICS THAT ARE FAR FROM BASIC - A Stylish collection of cool, modern essentials designed for comfort, made for every body. Be yourself in Hanes Originals.\r\nSOFT & COMFY FEEL - Our best cotton, polyester and rayon come together to make this soft and comfy t-shirt for men.\r\nADDED COMFORT - Shoulder to shoulder taping for comfort.', '2023-10-12 13:16:18'),
('224482', 'The Drop Women\'s Uma High Rise Fitted Slit Front Pull-On Pant', 54.9, 'women', 'pants-jeans', 'Amazon', 'https://amzn.to/3QdTGVY', '68% Viscose, 27% Polyester, 5% Elastane\r\nImported\r\nPull On closure\r\nMachine Wash\r\nStaples by The Drop\r\nModels are 5\'10\"/178 cm and wearing a size S and XXL\r\nThis pant has a 28\"/71 cm inseam', '2023-10-12 02:06:02'),
('225239', 'BOSS Men\'s Big Logo Cotton Short Sleeve T-Shirt', 38.5, 'men', 't-shirts-polos-lacoste', 'Amazon', 'https://amzn.to/3Q9P0Ap', '100% Cotton\r\nImported\r\nMachine Wash', '2023-10-12 13:19:28'),
('227730', 'AGB Women\'s Soft Knit Maxi Skirt (Petite, Standard and Plus Sizes)', 21.09, 'women', 'skirt-dress', 'Amazon', 'https://amzn.to/3ZTrStb', '96% Rayon, 4% Spandex\r\nMade in US\r\nPull On closure\r\nMachine Wash\r\nSolid maxi skirt featuring wide waistband', '2023-10-12 00:35:02'),
('233657', 'Calvin Klein Women\'s Sabin Pump', 169, 'women', 'flats-heels-pumps', 'Amazon', 'https://amzn.to/3QgXfuI', 'Synthetic Rubber sole\r\nModern and chic, the Calvin Klein Sabin pump is an instant wardrobe staple. It features an almond toe, adjustable ankle strap and the shoe is set on a chunky platform with a tall, block heel. Founded in New York in 1968, the brand elevates everyday essentials to globally iconic status.\r\nAlmond Toe\r\nBuckle Closure\r\nImported\r\n3.58\" Heel Height', '2023-10-13 18:04:33'),
('239870', 'PUMA Women\'s Carina Sneaker', 0, 'women', 'boots-ankle-boots', 'Amazon', 'https://amzn.to/3FhC6KE', '100% Leather and Synthetic\r\nImported\r\nRubber sole\r\nShaft measures approximately low-top from arch\r\nRETRO AND TRENDY: 80\'s inspired, adapted to fit today\'s laid-back sneaker look of Californian beach towns.\r\nENHANCED PLATFORM: New tooling with an elevated platform sole.\r\nHIGH-QUALITY CONSTRUCTION: This shoe contains a premium leather upper.\r\nMINIMAL AND TIMELESS: This shoe makes a stylish statement with subtle PUMA branding.', '2023-10-13 17:24:55'),
('246868', 'Hanes Men\'s Originals T-Shirt, Cotton Tees for Men, Short-Sleeve T-Shirt, Available in Tall', 9.9, 'men', '', 'Amazon', 'https://amzn.to/3ZU11x1', '100% US Grown Cotton; Light Steel: 90% Cotton, 10% Polyester; Other Heathers: 60% Cotton, 40% Polyester\r\nImported\r\nPull On closure\r\nMachine Wash\r\nBASICS THAT ARE FAR FROM BASIC - A Stylish collection of cool, modern essentials designed for comfort, made for every body. Be yourself in Hanes Originals.\r\nSUPER SOFT & COMFY FEEL - 100% cotton lightweight men\'s t-shirt provides all-day, cloud-like comfort. (Heathered colors are a cotton blend.)\r\nHANES QUALITY - Expertly constructed with double-needle stitched sleeves and shoulder-to-shoulder taping and ribbed crewneck collar.', '2023-10-12 13:07:11'),
('252404', 'Tommy Hilfiger Men\'s Arctic Cloth Heavyweight Performance Parka Down Alternative Fur Lined Hood Outerwear Coat', 0, 'men', 'sweaters-cardigans-coats-', 'Amazon', 'https://amzn.to/4086zo5', '100% Polyester\r\nImported\r\nZipper closure\r\nMachine Wash\r\nRib knit storm cuffs for added warmth;Fly front dual closure with zipper and buttons;Removable faux fur trim on hood;Zip through collar with additional snap closure option for added warmth and function;Signature Tommy embroidered flag on chest, Tommy logo patch on arm', '2023-10-12 12:49:10'),
('259167', 'Amazon Essentials Men\'s Recycled Polyester Hooded Long Puffer', 64.9, 'men', 'sweaters-cardigans-coats-', 'Amazon', 'https://amzn.to/45uNgX5', '100% Polyester\r\nImported\r\nZip closure\r\nMachine Wash\r\nRELAXED FIT: Comfortable, relaxed fit through shoulders, chest, and waist.\r\nWATER-RESISTANT POLYESTER TAFFETA: Polyester plain weave shell fabric. Fully lined, quilted and insulated.\r\nCOLD-WEATHER STYLING: Stay warm in this versatile water-resistant long puffer featuring a 2-way front zipper and zippered side vents.\r\nDETAILS: Insulated removeable hood, full-length 2-way front zipper and storm flap with snap closures, two front hand pockets, knit interior sleeve cuffs, and side zippers.', '2023-10-12 12:46:50'),
('262807', 'Costa Del Mar Mens Costa Tech Costamerica Short Sleeve', 0, 'men', 't-shirts-polos-lacoste', 'Amazon', 'https://amzn.to/45rST8q', '100% Polyester\r\nImported\r\nRegular Fit\r\nMen\'s Cut\r\nPrinted Design', '2023-10-12 13:27:57'),
('266434', 'Hanes mens Solid Knit Sleep Pant With Pockets and Drawstring', 0, 'men', 'pants-jeans-joggers', 'Amazon', 'https://amzn.to/3PKPICE', '60% Cotton, 40% Polyester\r\nImported\r\nPull On closure\r\nMachine Wash\r\nWe take lounging seriously these are made to fit loose. Details include thin light weight fabric, pull on waist, and button down shirt. Our sleep pant is available in various colors and sizes\r\nWe’ve used the best materials we could find and pieced them together with superb stitching, creating men\'s sleepwear that offers total durability and holds up well in the wash without shrinking or running color\r\nThese pajama pants have a button waist and button fly.\r\nWasher and dryer safe! You can machine wash our products on cold with like colors. For a long lasting product, only use non-chlorine bleach when needed and can be dried in a dryer. We suggest hang drying our products to keep the fit as new as possible.', '2023-10-12 13:59:39'),
('269036', 'The Drop Women\'s Vera Slim Side Slit Midi Sweater Skirt', 44.9, 'women', 'skirt-dress', 'Amazon', 'https://amzn.to/3LTSgNO', '65% Viscose, 35% Nylon\r\nImported\r\nPull On closure\r\nMachine Wash\r\nStaples by The Drop\r\nModels are 5\'10\" wearing a size S and XXL.\r\nThis skirt is 29\"/74 cm long', '2023-10-12 00:29:17'),
('275446', 'Democracy Women\'s Ab Solution Crop', 37, 'women', 'pants-jeans', 'Amazon', 'https://amzn.to/3rQT9jp', ' Jean uses innovative construction that incorporates super-stretch denim, slimming panels, a hidden inner elastic waistband, mesh panels, signature curved back yoke, and strategically placed pockets\r\nClassic crop with optional cuff made with premium, soft fabrics\r\n27\" inseams comes with cuffed with 25\", optional roll cuff', '2023-10-11 23:49:56'),
('281536', 'JUST MY SIZE Women\'s Plus Size Full, Lightweight Zip-up Hoodie', 16, 'women', 'sweaters-cardigans-coats', 'Amazon', 'https://amzn.to/46pU1dX', 'SLUB FABRIC - Made of 100 percent slub cotton jersey, these hoodies for women boast a distinctive uneven texture.\r\nFULL ZIP - A dyed-to-match front zipper makes for easy-on and easy-off.\r\nALL IN THE DETAILS - Featuring a 29\" length, this women\'s loungewear has wide cuffs and waistband.', '2023-10-11 20:01:29'),
('281848', 'Clarks Women\'s Breeze Sea Flip-Flop', 30.95, 'women', 'sandals-open-toe-shoes-slippers-espadrilles', 'Amazon', 'https://amzn.to/3PXujq0', '100% Synthetic\r\nMade in the USA or Imported\r\nThermoplastic Rubber sole\r\nShaft measures approximately 0#inches\" from arch\r\nClarks Cloudsteppers\r\nComfort Features: Ortholite footbed, EVA outsole, soft textile lining\r\nUltra-lightweight', '2023-10-13 17:35:31'),
('298111', 'Angels Forever Young Women\'s 360 Sculpt Skinny Mid-Rise Jeans (Standard and Plus)', 40, 'women', 'pants-jeans', 'Amazon', 'https://amzn.to/3Feucl5', '29 inc inseam and 10.5 inc front rise. Measurements taken on size 10. Model is 5\' 9\" and wearing a size 6.\r\n5-FUNCTIONAL POCKET STYLING: Add both style and convenience in the most current fashion for women. There is a single coin pocket and 4 functional normal-sized pockets where you can safely store and easy access your keys, phone, wallet or other daily essentials.\r\nTRENDY DESIGN: Get trendy in our 360 Sculpt Skinny Mid-Rise Jeans - perfect for every woman. Featuring single button closure, midrise that sits above the hip and made in our innovative fabric that sculpts and holds with exceptional stretch and recovery these skinny jeans for women are the best fitting, most comfortable jeans you will ever wear.', '2023-10-11 23:53:13'),
('300966', 'Ariat Women\'s Langdale Waterproof Boot', 254.95, 'women', 'boots-ankle-boots', 'Amazon', 'https://amzn.to/3PTMXiG', 'Made in the USA or Imported\r\nDURATREAD sole\r\nShaft measures approximately Knee High Boot from arch\r\nBoot opening measures approximately 11 around\r\n4LR technology for support and cushioning\r\nDRYShield waterproof construction keeps you dry in wet environments\r\nDuratread outsole for maximum wear resistance and extreme durability and flexibility', '2023-10-13 19:42:51'),
('304294', 'Hanes Women\'s Sweatshirt, French Terry Full-Zip Hoodie, Women\'s Hooded Jacket, Women\'s Zip Hoodie', 19, 'women', 'sweaters-cardigans-coats', 'Amazon', 'https://amzn.to/45r21ds', 'FRENCH TERRY SOFTNESS - Women\'s hooded jackets feature a French terry fabric that is smooth on the outside and brushed for softness on the inside.\r\nQUALITY FABRIC - French terry hoodies are crafted from a polyester/cotton blend.\r\nHOODIE HEAVEN - A cozy and stylish hood comes with an adjustable drawcord.', '2023-10-11 20:40:24'),
('310230', 'Tommy Hilfiger Zip-up Hoodie – Classic Sweatshirt for Women with Drawstrings and Hood', 25, 'women', 'sweaters-cardigans-coats', 'Amazon', 'https://amzn.to/3Q95LM5', 'Quality comfort: Zip-up hoodies for women in a variety of colors and patterns with the same flattering style and luxury Tommy Hilfiger brand detailing\r\nClassic design: Drawstrings, loose-fitting hood, flattering length falls just below the hip; wide cuffs at the wrist give this jacket a more casual look\r\nVersatile styling: A pair of jeans, denim skirt, yoga pants, spandex workout pants, denim and chino shorts or high-waisted biker shorts', '2023-10-11 21:30:14'),
('310382', 'Democracy Women\'s Ab Solution Jegging', 0, 'women', 'pants-jeans', 'Amazon', 'https://amzn.to/45uiNID', '54% Rayon, 27% Cotton, 17% Polyester, 2% Spandex\r\nImported\r\nZipper closure\r\nMachine Wash\r\nDemocracy’s signature “Ab”solution jean uses innovative construction that incorporates super-stretch denim\r\nClassic Jegging made with soft, premium stretch fabrics\r\nPockets a strategically placed for a figure flattering shape and a sweetheart back yoke to \"boost your assets\"', '2023-10-11 23:47:51'),
('313121', 'Hanes Women\'s Perfect-T Short-Sleeve T-Shirt, Women’s Crewneck T-Shirt, Women’s Short-Sleeve Cotton Tee', 8, 'women', 't-shirts-polos-lacoste', 'Amazon', 'https://amzn.to/46Nj2iQ', 'QUALITY FABRIC - Hanes Perfect-T long-sleeve T-shirt is crafted from lightweight, high-quality ringspun cotton. (Ash and light steel are cotton blends.)\r\nAMERICAN COTTON - Cotton is sourced from U.S. farms.\r\nVERSATILE CREWNECK - Hanes cotton t-shirt features a classic crew neckline for a flattering fit.', '2023-10-11 23:02:23'),
('314785', 'Polyester, Rayon, Spandex Polyester lining Button closure Dry Clean Only Two button blazer featuring notched lapels and flap front pockets Center back vent. Fully lined', 48, 'women', 'shirt-jacket-suit', 'Amazon', 'https://amzn.to/3PK8E4s', 'Live in styled comfort: Whether you’re working from the office, or just out on the town, arrive in style with these pants for women that offer comfort and versatility\r\nFlattering fit: These women’s dress pants feature a relaxed fit through hips and thighs with straight legs that flare slightly at the bottom to flatter and balance the body; made with functional front & back pockets\r\nYear-round Calvin style: Wear these pants as you transition from season to season; perfect to wear with a bodysuit or tank top during the spring or summer, or cozy up with a sweater or blazer when the weather cools', '2023-10-11 22:19:40'),
('319760', 'LifeStride Women\'s Taylor Block Heel Dress Shoe Pump', 59.99, 'women', 'flats-heels-pumps', 'Amazon', 'https://amzn.to/46NI8hH', 'Imported\r\nPolyurethane sole\r\nComfortable womens dressy shoe feature soft System comfort package provides all-day support, flex, and cushioning\r\nTraction sole provides you with extra stability\r\nWomen\'s pump with just right height 2 and 3/8 inch block heel\r\nClosed toe women\'s pump\r\nWomens round toe pump', '2023-10-13 19:15:16'),
('320019', 'Gloria Vanderbilt Women\'s Misses Amanda Classic High Rise Tapered Jean', 26, 'women', 'pants-jeans', 'Amazon', 'https://amzn.to/46p4h5X', 'STYLE - Classic High Rise Jean sits at natural waistline with fully functional pockets, front zipper fly, belt loops and contoured hips on a relaxed Taper fit body\r\nVERSATILITY - Pairs well with all tops from fashionable to Tee shirts and all footwear from your favorite flats to stylish heels and boots, perfect for work, class or happy hour.\r\nLENGTH - This high waist pant offered in a 31 inch average inseam, 29 inch short inseam and 33 inch long inseam with a 15 inch leg opening', '2023-10-12 00:00:29'),
('320550', 'Easy Street Women\'s Betty Sneaker', 0, 'women', 'loafers-oxfords-derbies', 'Amazon', 'https://amzn.to/3rQaaKB', 'Thermoplastic Polyurethane sole\r\nOn trend square toe, Heel to toe superior foam footbed\r\nFashionable overlay design\r\nSuperFlex outsole for all day comfort\r\nDesigned for fashion and comfort', '2023-10-13 20:03:00'),
('322161', 'Vince Camuto Women\'s Hamden Slingback Pump', 98.95, 'women', 'flats-heels-pumps', 'Amazon', 'https://amzn.to/3Qhmz3N', 'Made in the USA or Imported\r\nRubber sole\r\nLeather/Patent Leather Material\r\nPump - Classic\r\nSlip On Closure', '2023-10-13 19:37:25'),
('326447', 'Nike womens Court Legacy', 0, 'women', 'boots-ankle-boots', 'Amazon', 'https://amzn.to/3PThTzx', 'Synthetic Rubber sole\r\nLace Up', '2023-10-13 17:42:04'),
('326835', 'Gloria Vanderbilt Women\'s Amanda Classic High Rise Tapered Jean', 26, 'women', 'pants-jeans', 'Amazon', 'https://amzn.to/46JgMZT', 'STYLE - Classic high rise taper jean sits at natural waist with functional pockets, easy zipper fly and belt loops for the fit you love.\r\nVERSATILITY - Goes great with all tops from fashionable to basic T-shirts and all footwear from stylish boots to your favorit shoes.\r\nLENGTH - This high rise pant have a 31 inch average inseam, 29 inch short inseam and 33 inch long inseam with a 15 inch leg opening.\r\nBRAND - Effortlessly fun and stylish Gloria Vanderbilt is a versatile yet classic look that attracts and connects with the modern sensibility of consumers of all ages.', '2023-10-11 23:32:06'),
('333959', 'Lucky Brand Men\'s 410 Athletic Fit Jean', 48.28, 'men', 'pants-jeans-khaki', 'Amazon', 'https://amzn.to/48PmdbG', '92% Cotton, 6% Polyester, 2% Elastane\r\nImported\r\nZipper closure\r\nMachine Wash\r\nInseam: available in 30\", 32\" and 34\"\r\nFIT: Mid-rise, relaxed fit with a tapered leg\r\nFront rise: 11 inches, Leg opening: 15 1/2 inches (Size 32)', '2023-10-12 12:00:24'),
('339411', 'Bali Women\'s Comfort Revolution Wireless, ComfortFlex Fit Full-Coverage Bra, Df3488', 22.99, 'women', 'swimsuit-panties', 'Amazon', 'https://amzn.to/3Qnpkk9', '91% Nylon, 9% Spandex\r\nImported\r\nPadded lining\r\nHook and Eye closure\r\nHand Wash Only\r\nWIREFREE - Full-coverage bra with foam cups and 2-ply sides for beautiful shaping and support.\r\nSEAMLESS, WIRELESS COMFORT - ComfortFlex Fit 4-way stretch fabric provides a flexible fit that shapes to fit you.', '2023-10-12 01:35:10'),
('343952', 'Lee Women\'s Ultra Lux Comfort with Flex Motion Trouser Pant', 41.9, 'women', 'pants-jeans', 'Amazon', 'https://amzn.to/46qUGf8', '100% Polyester\r\nImported\r\nZipper closure\r\nMachine Wash\r\nREGULAR FIT. With a regular fit and mid rise, these pants are a work-wear must. These women\'s trousers have a flexible non-binding waistband for all-day comfort.\r\nFLEX MOTION. Made with flexible fabric and a non-binding waistband, these women\'s dress pants are made for long days. A work-appropriate classic, perfect for mixing and matching with your favorite tops.\r\nDISCREET POCKETS. Two front slant pockets and back welt pockets offer convenient small-item storage.', '2023-10-12 02:03:13'),
('352008', 'Mephisto Women\'s Juliana Moccasin', 0, 'women', 'loafers-oxfords-derbies', 'Amazon', 'https://amzn.to/46Sx17f', 'Rubber sole\r\nFull Grain Leather\r\nBreathable leather lining\r\nRemovable Footbed\r\nSoft Air Technology', '2023-10-13 19:13:34'),
('356358', 'Calvin Klein womens Evening Shawl With Pull Through Closure', 57, 'women', 'skirt-dress', 'Amazon', 'https://amzn.to/46KJnOF', '97% Polyester, 3% Spandex\r\nImported\r\nNo Closure closure\r\nDry Clean Only\r\nFlattering fit\r\nNo closure', '2023-10-11 22:35:17'),
('357743', 'Frida Mom Disposable Boyshort Cut Postpartum Underwear by Frida Mom |Super Soft, Stretchy, Breathable, Wicking, Latex-Free - Size - Regular, 8 Count', 13.98, 'women', 'swimsuit-panties', 'Amazon', 'https://amzn.to/45umwGb', '100% Cotton\r\nSUPER STRETCHY ALL OVER: Super stretchy underwear designed to keep pads and all other recovery layers in place without compromising comfort\r\nMESH-FREE MICROFIBER + SPANDEX MATERIAL: Super soft, breathable, latex-free versus the see-through, fishnet-like hospital version.\r\nFULL COVERAGE + TAGLESS BOYSHORT: Designed to hold the layers of relief and pads during vaginal postpartum perineal recovery\r\nAVAILABLE IN 2 SIZES: Size Regular fits waist 28\" to 42\" stretched; Size Petite fits waist 23\" - 34\" stretched. Also available in high waist C-Section cut. More flexible\r\nNEW FRIDA MOM, CREATED BY FRIDABABY, the makers of NoseFrida, Fridet the MomWasher, and the best selling baby care kits', '2023-10-12 01:41:37'),
('370611', 'Calvin Klein Men\'s Hooded Super Shine Puffer Jacket', 76.71, 'men', 'sweaters-cardigans-coats-', 'Amazon', 'https://amzn.to/3PWhs7w', '100% Nylon\r\nImported\r\nZipper closure\r\nMachine Wash\r\nFUNCTIONALITY: Center front zipper closure; Two hand pockets with zipper closure; Attached hood\r\nSTYLISH FEATURES: Exposed knit detail at bottom, cuffs and hood, CK branding on sleeve\r\nTEXTILE TECHNOLOGY: 100% Nylon fabric creates a water resistant outer shell', '2023-10-12 13:00:54'),
('381642', 'JanSport SuperBreak One Backpacks, Black - Durable, Lightweight Bookbag with 1 Main Compartment, Front Utility Pocket with Built-in Organizer - Premium Backpack', 32.28, 'men-women', 'backpacks', 'Amazon', 'https://amzn.to/3PX8GGv', 'Your Forever Pack: Always be ready with the JanSport SuperBreak Backpack. The perfect size for all your essentials and always in style, this backpack is functional and convenient with timeless style.\r\nReady for Anything: These backpacks are made with durable 600 denier fabric to ensure they are strong, abrasion-resistant and water-repellant! With sturdy zippers and a coated interior, our small backpack always has your back.\r\nHold All Your Essentials: Not too big and not too small, these backpacks feature one main compartment to hold your supplies and more, and our cool backpacks have a front utility pocket with a built-in organizer.\r\nExpress Yourself: Featuring a simple, classic silhouette that always looks amazing, and available in over 30 different colors and prints! Our unisex bags are perfect for anyone’s unique style.\r\nComfort and Convenience: Made to be reliable and ultra-lightweight, our backpack is always ready to go with a web haul handle! Perfect for everyday use, these backpacks have padded 15-inch drop shoulder straps.\r\nThis product is intended for persons 13 years of age and older', '2023-10-12 23:42:28'),
('383954', 'Hanes Women\'s Originals Long Sleeve Cotton T-Shirt, Lightweight Crewneck Tee, Modern Fit', 10, 'women', 't-shirts-polos-lacoste', 'Amazon', 'https://amzn.to/46DcfIM', 'BASICS THAT ARE FAR FROM BASIC - A stylish collection of cool, modern essentials designed for comfort, made for every body. Be yourself in Hanes Originals.\r\nALL COTTON - Lightweight 100% ring-spun cotton feels super soft against your skin. (Ash and Light Steel are a cotton/polyester blend.)\r\nMODERN FIT - Has a slimmer, more contemporary silhouette than our classic fit. Size up if you prefer a roomier fit.', '2023-10-11 23:06:28'),
('390782', 'The Drop Women\'s Aiden Vegan Leather A-Line Mini Skirt', 40, 'women', 'skirt-dress', 'Amazon', 'https://amzn.to/3QaB1KC', 'Staples by The Drop\r\nModels are 5\'10\"/178 cm and wearing a size S and XXL\r\nThis skirt is 17\"/43 cm long in size S and 18\"/46 CM in a size XXL', '2023-10-12 00:07:37'),
('404261', 'Dickies womens Long Sleeve Cotton Twill Coverall', 59.99, 'women', 'jumpsuits-rompers-overall', 'Amazon', 'https://amzn.to/46JcYrQ', '100% Cotton\r\nImported\r\nSnap closure\r\nMachine Wash\r\nBox pleat in back for ease of movement\r\nCinched back elastic waistband\r\n2 large back pockets', '2023-10-12 01:09:31'),
('405097', 'Hanes Women\'s Underwear Pack, ComfortFlex Fit Panties, Seamless Underwear, 6-Pack (Colors May Vary)', 0, 'women', 'swimsuit-panties', 'Amazon', 'https://amzn.to/48J3lLz', '91% Nylon, 7% Spandex, 2% Polyester\r\nImported\r\nPull On closure\r\nMachine Wash\r\nMOVES EVERY WAY YOU DO - ComfortFlex Fit 4-way stretch fabric moves effortlessly in every direction.\r\nTHE BIKINI SILHOUETTE YOU WANT - Moderate coverage front and back with a lower waist and hi-cut legs to complement today\'s fashions.\r\nSLEEK, SMOOTH, SEAMLESS - A no-pinch waist, no side seams and no-ride-up leg openings create the smooth look you want, front and back.', '2023-10-12 01:50:31'),
('414431', 'Warner\'s Women\'s Easy Does It® Underarm-smoothing With Seamless Stretch Wireless Lightly Lined Comfort Bra Rm3911a', 19.99, 'women', 'swimsuit-panties', 'Amazon', 'https://amzn.to/3rPPx1e', '94% Nylon, 6% Spandex\r\nImported\r\nHook and Eye closure\r\nMachine wash. Line dry\r\nSide-smoothing panels\r\nSeamless comfort\r\nSimple, easy sizing (S-3XL)', '2023-10-12 01:44:14'),
('420240', 'Bali Double Support Wireless Bra, Full-Coverage Wirefree T-Shirt Bra, Comfortable Cotton Wirefree Bra, Our Best Everyday Bra', 17.99, 'women', 'swimsuit-panties', 'Amazon', 'https://amzn.to/3Ffy05I', '86% Cotton, 14% Spandex\r\nbras closure\r\nHand Wash Only\r\nSUPERB SUPPORT, NO WIRES - Bali\'s signature M-frame construction provides outstanding support, even in larger sizes.\r\nTHE COMFORT OF COTTON - Soft, cotton-rich knit has the perfect amount of stretch and the feel of your favorite tee.\r\nSEAMLESS SMOOTHNESS - Seamless cups almost disappear under knits and other clingy clothes, making this a great T-shirt bra.\r\nSTRAPS STAY PUT - Stay-in-place straps, designed without stretch in larger sizes for extra support.', '2023-10-12 01:39:27'),
('425264', 'Calvin Klein Women\'s Pleat Neck Sleeveless Cami', 25, 'women', 't-shirts-polos-lacoste', 'Amazon', 'https://amzn.to/46LkMZX', 'Universal match: Dress up or down no matter the season, great for spring, summer, fall and winter; easily transition from day to night by pairing with a blouse, shirt, jacket, cardigan, heels or sandals\r\nYear-round luxury: Wear a sweater over these women’s blouse in the winter, hoodies in the spring and summer or wear them to relax around the home', '2023-10-11 22:58:03'),
('428024', 'Franco Sarto Women\'s Carolynn Slip on Tassel Loafers', 0, 'women', 'loafers-oxfords-derbies', 'Amazon', 'https://amzn.to/45pI4DK', 'Imported\r\nPolyurethane sole\r\nWomen\'s tassel loafers with synthetic leather upper partially made from recycled materials\r\nFlat sole classic loafer for women with partially recycled linings with soft + eco-conscious comfort\r\nSlip on design for easy on/off and all day comfort\r\nClassic round almond toe styling for everyday wear\r\n1.25 inch block heel for comfortable walking, travel and daily wear', '2023-10-13 19:19:36'),
('435112', 'Bandolino Women\'s Lucien Loafer', 0, 'women', 'loafers-oxfords-derbies', 'Amazon', 'https://amzn.to/3PTmrFZ', 'Synthetic Rubber sole\r\nThe Lucien Bandolino loafer is a twist on a classic loafer! Look great in this fashion-forward chic block heel pump loafer! Also, let your feet feel good day to night with the cushioned footbed!\r\nSquare Toe\r\nSlip on Closure\r\nImported\r\n2.44\" heel height', '2023-10-13 18:05:35'),
('439710', 'No nonsense Women\'s Cotton Leggings: Stylish and Comfortable Everyday Wear', 14.28, 'women', 'pants-jeans', 'Amazon', 'https://amzn.to/3LZddqB', '57% Cotton, 38% Polyester, 5% Spandex\r\nImported\r\nPull On closure\r\nMachine Wash\r\nStylish and trend right for everyday wear, these versatile cotton leggings let you step out comfortably with Smart Temp fabric that adjusts with your body temperature\r\nEasy to wear and easy to care for, the leggings keep their shape and color after washing, and won\'t get baggy knees\r\nFeaturing a 29-Inch inseam, flatter your figure with its soft high-quality fabric and slim fit, giving you confidence with no-show coverage\r\nWear this wardrobe essential with a brightly colored tunic and a ballet flats on any casual occasion', '2023-10-12 02:04:41'),
('440767', 'Naturalizer Women\'s Karina Ankle Strap Pumps', 0, 'women', 'flats-heels-pumps', 'Amazon', 'https://amzn.to/3rPa2uU', 'Imported\r\nPolyurethane sole\r\nClassic block heels for women with skinny ankle strap\r\nWomen\'s pumps with leather or patent leather upper with square toe\r\nAdjustable buckle closure on feminine ankle strap\r\nContour+ Comfort technology for a premium fit and all-day comfort experience\r\nNon-slip, recycled thermo-plastic rubber outsole', '2023-10-13 17:58:24'),
('442577', 'Marc Fisher LTD Women\'s Rolly Knee High Boot', 0, 'women', 'flats-heels-pumps', 'Amazon', 'https://amzn.to/3RXLs5u', 'Synthetic Rubber sole\r\nShaft measures approximately Knee High from arch\r\nBoot opening measures approximately 14.96\" around\r\n\"Take charge in the Marc Fisher LTD Rolly dress boots. Featuring western style embroidery, pointy toe and stiletto heel. Perfect for a night out on the town! Marc Fisher LTD is casual luxe footwear in coveted silhouettes and rich materials to wear on repeat.\"\r\nPointed Toe\r\nPull on Closure\r\nImported\r\n3.23\" Heel Height', '2023-10-13 19:34:27'),
('442801', 'NINE WEST Women\'s Colot Pump', 0, 'women', 'flats-heels-pumps', 'Amazon', 'https://amzn.to/3RTQfVN', 'Imported\r\nSynthetic Rubber sole\r\nPolished and classic, the Nine West Colot dress pumps are perfect for day to night wear. The Colot features a high block heel and a fashionable ankle strap that adds extra sophistication. Founded in 1978, Nine West empowers women to take on the world in style, from day to night.\r\nRound Toe\r\nBuckle Closure\r\nImported\r\n3.15\" Heel Height', '2023-10-13 19:55:33'),
('445902', 'Amazon Essentials Women\'s Lightweight Knit Maxi Skirt', 23.7, 'women', 'skirt-dress', 'Amazon', 'https://amzn.to/48Skqmq', '95% Viscose, 5% Elastane\r\nImported\r\nNo Closure closure\r\nMachine Wash\r\nREGULAR FIT: Close but comfortable fit through waist and hip. Flares gently to hem.\r\nRAYON STRETCH JERSEY: Soft and drapey, lightweight jersey with a smooth, polished finish.\r\nJERSEY PULL-ON SKIRT: This versatile and easy pull-on maxi skirt seamlessly transitions from day to night. Pair with your favorite sneakers for a day exploring the city or dress up for an evening out with Amazon Essentials Women\'s Two Strap Heeled Sandals.', '2023-10-12 00:33:46'),
('451456', 'Champion Men\'s T-Shirt, Classic Long-Sleeve Long Sleeve Graphic T-Shirt (Reg. or Big & Tall)', 0, 'men', 't-shirts-polos-lacoste', 'Amazon', 'https://amzn.to/45plKdj', '100% Cotton\r\nImported\r\nPull On closure\r\nMachine Wash\r\nTHE FIT - Standard fit long-sleeve t-shirt for men.\r\nTHE FEEL - Comfortable, 5.5 oz. ring-spun cotton or cotton blend that feels great on the skin.\r\nTHE LOOK - Classic long-sleeve t-shirt with a ribbed crewneck collar and sturdy stitchwork.', '2023-10-12 13:14:54'),
('475310', 'Amazon Essentials Women\'s French Terry Fleece Sleeve Detail Crewneck Sweatshirt', 23, 'women', 'sweaters-cardigans-coats', 'Amazon', 'https://amzn.to/3LVSPqq', 'RELAXED FIT: Relaxed, comfortable fit through the body.\r\nCOZY BRUSHED BACK FLEECE: Buttery soft and comfy midweight cotton blend fleece with brushed interior.\r\nBLOUSON SLEEVE SWEATSHIRT: Feminine sweatshirt with soft volume blouson sleeve. Perfect for work, travel, weekend wear, or lounging at home.\r\nDETAILS: Features a classic crewneck, feminine, gathered 3/4 length sleeves, and ribbing at neck, cuffs, and hem for enhanced stretch and recovery.', '2023-10-11 21:56:11'),
('479070', 'WallFlower Women\'s Overalls Juniors (Standard and Plus)', 0, 'women', 'jumpsuits-rompers-overall', 'Amazon', 'https://amzn.to/3rKfWxp', '55% Cotton, 24% Polyester, 20% Rayon, 1% Spandex\r\nImported\r\nButton closure\r\nMachine Wash\r\n27\" inseam. Model is 5\' 9\" and wearing a size S\r\nPERFECT FIT: It\'s All about Overalls! – Made for Every Body – Great fits for all women. Period.\r\nTHE DETAILS: Keep it casual-cool whether you\'re heading back to school or styling our destructed denim for 90s, y2k, festival and everyday looks.', '2023-10-12 01:16:47'),
('487023', 'Marc Fisher LTD Women\'s TANILLA Ankle Boot, Natural 110, 7.5', 0, 'women', 'boots-ankle-boots', 'Amazon', 'https://amzn.to/3MnOnRJ', 'Synthetic Rubber sole\r\nShaft measures approximately Ankle from arch\r\nBoot opening measures approximately 9.21\" around\r\n\"The Tanilla dress bootie is a must-have staple! Featuring a stylish pointy toe with a walkable block heel and side cut outs on the side of the bootie that will add a fierce flair to your wardrobe. Marc Fisher LTD is casual luxe footwear in coveted silhouettes and rich materials to wear on repeat.\"\r\nPointed Toe\r\nPull on Closure\r\nImported\r\n2.56\" Heel Height', '2023-10-13 19:56:38'),
('488096', 'NINE WEST Women\'s Yunip Pump', 0, 'women', 'flats-heels-pumps', 'Amazon', 'https://amzn.to/46A6Oe0', 'Synthetic Rubber sole\r\nChic and sophisticated, the Nine West Yunip dress pump is perfect for everything from the office to a night out. This pump features a flared heel and modern almond shaped toe. Founded in 1978, Nine West empowers women to take on the world in style, from day to night.\r\nAlmond Toe\r\nSlip on Closure\r\nImported\r\n3.15\" Heel Height', '2023-10-13 19:22:26'),
('493567', 'Easy Street Women\'s Kimi Sneaker', 0, 'women', 'loafers-oxfords-derbies', 'Amazon', 'https://amzn.to/3FfbkCn', 'Polyurethane sole\r\nLightweight and Super Flexible Comfort Wave Construction, Enhanced with Easy Motion by Easy Street ultra-light insoles\r\nStretch for fit and comfort features\r\nContemporary rusch detailing for\r\nFunctional outside zipper for easy on/off', '2023-10-13 19:25:27'),
('497930', 'Wrangler Authentics Men\'s Comfort Flex Waist Relaxed Fit Jean', 32.99, 'men', 'pants-jeans-khaki', 'Amazon', 'https://amzn.to/45nncgt', '100% Cotton\r\nImported\r\nZipper closure\r\nMachine Wash\r\nRELAXED FIT. Built with a relaxed fit through the seat and thigh, these versatile jeans sit at the natural waist for a comfortable fit during any task. Perfect for everyday wear, this denim classic is a closet staple.\r\nCOMFORT FLEX WAISTBAND. Designed with comfort in mind, our innovative flex waistband ensures a comfortable fit that moves and bends with you.\r\nDURABLE MATERIALS. These jeans are made with durable and comfortable flex denim for added range of motion. Durable construction, built to last.', '2023-10-12 11:57:49'),
('502944', 'Bandolino Women\'s Letsadd Pump', 0, 'women', 'flats-heels-pumps', 'Amazon', 'https://amzn.to/3txBmyp', 'Synthetic Rubber sole\r\nThe Letsadd ankle strap pump from Bandolino works for all occasions! Dress this style up or dress it down! Standout with the square toe fashion statement and feel great with the cushioned footbed!\r\nSquare Toe\r\nBuckle Closure\r\nImported\r\n2.44\" heel height', '2023-10-13 18:02:28'),
('510465', 'Bali womens One Smooth U Ultra Light Bra, Underwire T-Shirt Bra, Convertible Straps, DF3439', 19.94, 'women', 'swimsuit-panties', 'Amazon', 'https://amzn.to/46ieFMZ', 'Outer Cup: 88% Polyester, 12% Spandex; Center Belt Linings: 100% Nylon; Back Center Belt: 92% Nylon, 8% Spandex; Top Cup: 68% Nylon, 32% Spandex\r\nImported\r\nFull Coverage lining\r\nHook and Eye closure\r\nHand Wash Only\r\nFEEL THE LIGHT - Ultra-light underwire bra for natural support without bulk.\r\nOH-SO SMOOTH - Smooth and seamless to disappear under tees and clingy clothes.', '2023-10-12 01:36:50'),
('512659', 'Hanes Originals Hooded Long-Sleeve Mens T-Shirt Hoodie - Vintage Washed - Cotton Tee', 16.32, 'men', 't-shirts-polos-lacoste', 'Amazon', 'https://amzn.to/3Fh9Jfv', '100% Cotton\r\nImported\r\nDrawstring closure\r\nMachine Wash\r\nBASICS THAT ARE FAR FROM BASIC - A stylish collection of cool, modern essentials designed for comfort, made for every body. Be yourself in Hanes Originals.\r\n100% COTTON - This men\'s hoodie t-shirt is made from 100% cotton that has been ring-spun for an unbeatably soft feel.\r\nAMERICAN COTTON - These men\'s long sleeve tees are made with U.S Grown cotton for a soft, worn-in feel you\'ll love.', '2023-10-12 13:20:58');
INSERT INTO `product` (`number`, `title`, `price`, `gender`, `type`, `partenaire`, `affiliate_link`, `description`, `date`) VALUES
('513734', 'DKNY Women\'s Chiffon Sleeve Sheath with Keyhole', 75, 'women', 'skirt-dress', 'Amazon', 'https://amzn.to/46toxUc', 'Features: Options in a variety of style dress, long sleeve, balloon sleeve, twist front\r\nDay-to-night: DKNY dresses are designed to move with you throughout your day; from the office to date night, these styles can be dressed up or down.\r\nPleasing fit: Elegant-but-structured lines and modern hems make DKNY dresses versatile and flattering on everybody.', '2023-10-11 22:30:33'),
('517240', 'Dr. Scholl\'s Shoes Women\'s Louis Iconic Clog Mule', 90, 'women', 'sandals-open-toe-shoes-slippers-espadrilles', 'Amazon', 'https://amzn.to/45vhBVd', 'Imported\r\nPolyurethane sole\r\nSUSTAINABLY CRAFTED: A womens clog with linings and topcloth made from recycled bottles, recycled toe box\r\nMATERIALS: Clogs for womens made with wool blend partially made from recycled materials, fabric partially made from recycled bottles, or faux leather\r\nFIT: Womens clog with slip on fit for easy on/off\r\nCOMFORT: Anti-microbial, anti-odor Insole Technology and FEELS Insole Technology with anatomical cushioning, comfort & support.\r\nMOVEMENT: Lightweight, flexible construction moves with you', '2023-10-13 19:50:09'),
('522220', 'Marc Fisher Women\'s Delanie Loafer', 0, 'women', 'loafers-oxfords-derbies', 'Amazon', 'https://amzn.to/3rP2zMe', 'Synthetic Rubber sole\r\nThe Marc Fisher Delanie casual mocs will be a wardrobe staple! The Delaine features a lug sole bottom, low block heel and fashionable chain detailing on the upper.\r\nAlmond Toe\r\nSlip on Closure\r\nImported\r\n2.05\" Heel Height', '2023-10-13 18:00:59'),
('524806', 'Amazon Essentials Women\'s Studio Terry Fleece Romper', 19.18, 'women', 'jumpsuits-rompers-overall', 'Amazon', 'https://amzn.to/45t03Je', 'REGULAR FIT: Close but comfortable fit through chest, waist, hip and thigh\r\nSTUDIO LIGHT TERRY FLEECE: A lightweight and breathable fabric with an ultra-soft finish. This terry fleece has a moisture-wicking finish, helping you stay comfortable, and a 4-way gentle stretch for more flexibility during workouts.\r\nSTUDIO ROMPER: Relax and lounge in this effortless all-in-one romper. Designed to sit mid-thigh. Whether you\'re heading out for a jog or running errands with the kids, our apparel is made to work out, live in, and lounge.', '2023-10-12 01:19:27'),
('525319', 'Amazon Essentials Women\'s Slim-Fit Tank, Pack of 2', 16, 'women', 't-shirts-polos-lacoste', 'Amazon', 'https://amzn.to/45y1Xs5', 'SLIM FIT: Close fit that hugs the body.\r\nCOTTON MODAL MICRO RIB: Super soft cotton modal micro rib jersey with added stretch offers all-day ease and comfort, while retaining its shape for the perfect slim fit. Fabric you want to live in year round.\r\nESSENTIAL RIB TANK: This versatile tank is a must-have wardrobe essential, perfect layered under your favorite hoodie or cardigan or wear on its own with a pair of jeans or linen shorts for easy, everyday style. The slim silhouette gives a flattering fitted look.\r\nDETAILS: Features an open scoop neckline, thin tank straps, and double needle stitching for durability.', '2023-10-11 23:00:56'),
('546472', 'Amoretu Women Summer Tunic Dress V Neck Casual Loose Flowy Swing Shift Dresses', 33, 'women', 'skirt-dress', 'Amazon', 'https://amzn.to/3QndUwN', '100% dacron, breathable, soft and comfortable\r\nImported\r\nPull On closure\r\nMachine Wash\r\nDeep v neckline with lantern long sleeve/short sleeve/sleeveless, super sexy, fashionable and elegant.\r\nPleated loose swing dress with tunic length, solid color, ruffle, simple and plain, tiered dress, can be easily dress up and dress down.\r\nDresses for women 2023, perfect for casual daily wear, party, club, work, office, business, vacation, beach, etc.', '2023-10-11 22:36:21'),
('557191', 'Calvin Klein Women\'s Two Button Lux Blazer (Petite, Standard, & Plus)', 73, 'women', 'shirt-jacket-suit', 'Amazon', 'https://amzn.to/45uFTyy', '65% Polyester, 31% Rayon, 4% Spandex\r\nPolyester lining\r\nButton closure\r\nDry Clean Only\r\nTwo button blazer featuring notched lapels and flap front pockets\r\nCenter back vent. Fully lined', '2023-10-11 22:17:08'),
('557303', 'Nine West Women\'s Fresh Pump', 79.2, 'women', 'flats-heels-pumps', 'Amazon', 'https://amzn.to/46LgiTa', 'Imported\r\nSynthetic Rubber sole\r\nSlide into the Fresh dress pump. The Fresh pump features a fashionable high stiletto heel and a classic pointy toe that is sure to impress. The perfect wardrobe essential! Founded in 1978, Nine West empowers women to take on the world in style, from day to night.\r\nPointed Toe\r\nSlip on Closure\r\nImported\r\n3.98\" Heel Height', '2023-10-13 19:58:00'),
('574028', 'NINE WEST Women\'s Gonda Mid Calf Boot', 169, 'women', 'flats-heels-pumps', 'Amazon', 'https://amzn.to/3Qfcu6f', 'Synthetic Rubber sole\r\nShaft measures approximately Calf High from arch\r\nBoot opening measures approximately 12.6\" around\r\nThis Nine West Gonda dress bootie is the perfect wardrobe essential. The Gonda features a slouchy silhouette, stiletto heel and fashionable pointy toe. This bootie is sure to impress! Founded in 1978, Nine West empowers women to take on the world in style, from day to night.\r\nPointed Toe\r\nZip Closure\r\nImported\r\n3.07\" Heel Height', '2023-10-13 18:03:37'),
('574704', 'Vertx Women\'s Straight-Fit Kesher Stretch Ops Tactical Pants with Pockets for Work, Outdoor, Hiking, Denim', 65, 'women', 'pants-jeans', 'Amazon', 'https://amzn.to/46FWcKF', 'TACTICAL PANTS FOR WOMEN: The Kesher stretch ops women’s tactical pants provide comfort and style. CCW-compatible womens tactical clothing that’s stylish and comfortable for ​​any level of activity.\r\nFEATURES 10 HANDY POCKETS: These womens tactical pants with pockets feature 10 pockets to keep essential items handy and organized. Dual rear pockets fit smartphones and rifle mags.\r\nCOOLMAX DENIM: The stretch Coolmax denim of these womens outdoor pants regulates your temperature to keep you cool and dry. Front pockets have a pass-through slot for comms lead or a RATS tourniquet.', '2023-10-11 23:26:45'),
('575758', 'Dickies Women\'s Plus Size Flex Short Sleeve Coverall', 0, 'women', 'jumpsuits-rompers-overall', 'Amazon', 'https://amzn.to/48RSXAY', 'Two front and back pockets\r\nMechanical stretch\r\nFull zip front, snap secure closures\r\nEasy care stain release', '2023-10-12 01:20:40'),
('577868', 'Wrangler Women\'s Retro Long Sleeve Western Denim Snap Dress', 49, 'women', 'skirt-dress', 'Amazon', 'https://amzn.to/46LiqKB', '100% Cotton\r\nImported\r\nSnap closure\r\nMachine Wash\r\nLong Sleeves\r\nSnap Front, Snap Cuffs, Spread Collar\r\nTwo Spade Pockets with Snap Flaps and W Stitching, Western Yokes', '2023-10-11 22:34:13'),
('580368', 'Bella Vita Women\'s Katriana Pump', 0, 'women', 'flats-heels-pumps', 'Amazon', 'https://amzn.to/3rRJ9GG', '100% Leather\r\nSynthetic Rubber sole\r\nEnhanced with stone detailing for added style, Soft padded insole\r\nAdjustable buckle for a custom fit\r\nContemporary pointed toe\r\nSophisticated silhouette design', '2023-10-13 17:57:27'),
('590003', 'Tommy Hilfiger Womens Crew Neck Short Sleeves T-Shirt', 20, 'women', 't-shirts-polos-lacoste', 'Amazon', 'https://amzn.to/46Pxlnj', 'Features: Basic, essential, easy, cotton, soft, essential shirts\r\nClassic design: The iconic Tommy Hilfiger luxury brand touches brings simple elegance to everyday outfits\r\nCasual luxury: Classic V-neck t-shirt falls softly off the hips and is long enough to tuck into pants or a skirt\r\nVersatile styling: These short-sleeve t-shirts pair well with shorts, jean cut-offs, skirt, or a classic pair of jeans; style this shirt over yoga pants, under a blazer, hoodie, or cardigan for women\r\nYear-round style: Wear this t-shirt from spring into summer or layered under a sweatshirt or blazer when the weather cools', '2023-10-11 22:59:07'),
('592440', 'Legendary Whitetails Women\'s Switchback Hoodie', 30, 'women', 'sweaters-cardigans-coats', 'Amazon', 'https://amzn.to/3FeovUk', 'SOFT AND COMFORTABLE: This pullover for women is made from a cotton polyester blend to achieve the comfort and softness you\'ve been searching for\r\nHAND WARMING POCKET: In between feeding your pets and putting dinner on the table, you need to make sure you are keeping your hands warm, which is why we included the warm kangaroo pocket in the front\r\nGREAT STYLE: This style is complete with ribbed cuffs and a small white Signature Buck on the kangaroo pocket', '2023-10-11 21:32:56'),
('594636', 'SACASUSA Shiny Stretchy Metallic Liquid Wet Look Mini Skirts 10 Colors', 17.98, 'women', 'skirt-dress', 'Amazon', 'https://amzn.to/45rWfbd', 'Polyester,Spandex\r\nHand Wash Only\r\nShiny Stretchy Metallic Wet Look Mini Skirts Hot Pants\r\nSmall: Waist size from 24-25 inch. Hip size up to 32 inch. Length of Skirt 12 inch.\r\n90% Polyester / 10% Spandex\r\nHand Wash Cold. Line Dry\r\nShiny metallic stretch fabric, slim fit and a variety of bold metallic colors. Banded waist', '2023-10-12 00:14:23'),
('598988', 'The Drop Women\'s Maya Silky Slip Skirt', 49, 'women', 'skirt-dress', 'Amazon', 'https://amzn.to/46nNXCP', 'This lightweight silky stretch midi skirt can be dressed up or worn with your favorite graphic tee. Pull-on style with easy foldover elastic waistband detail', '2023-10-12 00:06:07'),
('602402', 'Oakley Men\'s Kaleidoscope Tee', 29.95, 'men', 't-shirts-polos-lacoste', 'Amazon', 'https://amzn.to/3tuo1Xq', '85% Polyester, 15% Cotton\r\nImported\r\nMachine Wash\r\nHydrolix moisture management\r\nFlatlock seams\r\nOakley B1B graphic print\r\nTech flag label at the side hem\r\nVisit Oakley.com to shop the entire Oakley apparel assortment', '2023-10-12 13:26:36'),
('613747', 'PUMA Women\'s Carina Sneaker', 58.53, 'women', 'boots-ankle-boots', 'Amazon', 'https://amzn.to/3ZS32tO', '100% Leather and Synthetic\r\nImported\r\nRubber sole\r\nShaft measures approximately low-top from arch\r\nRETRO AND TRENDY: 80\'s inspired, adapted to fit today\'s laid-back sneaker look of Californian beach towns.\r\nENHANCED PLATFORM: New tooling with an elevated platform sole.\r\nHIGH-QUALITY CONSTRUCTION: This shoe contains a premium leather upper.\r\nMINIMAL AND TIMELESS: This shoe makes a stylish statement with subtle PUMA branding.', '2023-10-13 16:57:53'),
('614871', 'Chooka Women\'s Waterproof Plush Chelsea Bootie Chelsea Boot', 35.99, 'women', 'boots-ankle-boots', 'Amazon', 'https://amzn.to/46LUXJs', 'Made in the USA or Imported\r\nRubber sole\r\nShaft measures approximately Ankle from arch\r\nBoot opening measures approximately 11.5\" around\r\ndurable waterproof boots, fashion meets function with these ankle high booties. 100% waterproof with a fashionable matte finish\r\ncomfort, all day wear with the moisture- absorbent plush lining, elastic gore for easy on and off\r\ntraction, rubber outsole with added traction, self-cleaning tread pattern', '2023-10-13 17:34:10'),
('625745', 'Hanes Men\'s Originals Long Sleeve Cotton T-Shirt, Classic Crewneck Tee for Men, Available in Tall', 0, 'men', 't-shirts-polos-lacoste', 'Amazon', 'https://amzn.to/48Slgze', '100% Cotton\r\nImported\r\nPull On closure\r\nMachine Wash\r\nBASICS THAT ARE FAR FROM BASIC - A stylish collection of cool, modern essentials designed for comfort, made for every body. Be yourself in Hanes Originals.\r\nCOMFORT OF COTTON - 100% U.S.-grown ring-spun cotton is oh-so soft. (Light Steel and Heather colors are a cotton blend.)\r\nFIT YOU KNOW AND LOVE - The just-right regular fit you rely on.', '2023-10-12 13:17:35'),
('630159', 'LifeStride Women\'s, Ally Boot', 43.2, 'women', 'flats-heels-pumps', 'Amazon', 'https://amzn.to/3QhwGoU', '100% Synthetic\r\nImported\r\nSynthetic sole\r\nShaft measures approximately not_applicable from arch\r\nFlexible Sole\r\nAvailable in Medium and Wide widths\r\nFaux leather uppers\r\nManmade traction outsole provides extra stability', '2023-10-13 17:27:43'),
('632524', 'XOXO Women\'s Kanni Ankle Boot', 32.23, 'women', 'flats-heels-pumps', 'Amazon', 'https://amzn.to/46snOmk', 'Synthetic Rubber sole\r\nShaft measures approximately Ankle from arch\r\nBoot opening measures approximately 10 around\r\nAnkle Boot\r\nSquare Toe\r\nSoft Padded Insole', '2023-10-13 19:30:20'),
('633976', 'Bali Womens Satin Tracings Minimizer Bra, Maximum Support Underwire Bra, Df3562', 20.99, 'women', 'swimsuit-panties', 'Amazon', 'https://amzn.to/3ZQd5j4', 'Body: 73% Nylon, 27% Spandex; Cups: 100% Nylon\r\nFull Coverage lining\r\nBuckle closure\r\nHand Wash Only\r\nOUR BESTSELLER FOR A REASON - Minimizes your bustline by as much as 1-3/4 inches.\r\nUNDERWIRE SUPPORT WAS NEVER THIS COMFORTABLE - Cushion-tipped underwires for maximum support with no-poke comfort.\r\nWHEN YOU NEED A LITTLE LIFT - Seamed, non-stretch cups provide a little extra lift.', '2023-10-12 01:38:06'),
('651099', 'Democracy Women\'s ab Solution Ankle Skimmer', 49, 'women', 'pants-jeans', 'Amazon', 'https://amzn.to/46MhExa', 'Democracy’s signature “Ab”solution jean uses innovative construction that incorporates super-stretch denim\r\nComes cuffed but can easily be unrolled, 29\" inseam if uncuffed\r\n\"Ab\"solution Technology offers an elastic waist band and mesh panels to \"mold and hold\"', '2023-10-11 23:51:28'),
('671958', 'Ellie Shoes Women\'s Gogo Knee High Boot', 24.99, 'women', 'boots-ankle-boots', 'Amazon', 'https://amzn.to/3tpU1vI', 'Rubber sole\r\nHeel measures approximately 2.5 inches\"\r\nWomen\'s White Gogo Boots\r\nWomen\'s White Gogo Boots\r\nAll man-made materials\r\nZipper on inner side for access\r\nFaux patent leather upper, textured anti-skid sole with chunky heel', '2023-10-13 17:32:43'),
('679892', 'Crocs unisex-adult Classic Lined Clog', 0, 'women', 'sandals-open-toe-shoes-slippers-espadrilles', 'Amazon', 'https://amzn.to/3LZ1zw7', '100% Synthetic\r\nImported\r\nFaux Fur\r\nEthylene Vinyl Acetate sole\r\nShaft measures approximately 3#inches from arch\r\nHeel measures approximately 0.73\"\r\nWARM AND FUZZY FEELINGS INSIDE: Designed with function and warmth in mind, the soft and lined Crocs for men and women are great as a slipper but also perfect for running errands.', '2023-10-13 16:32:44'),
('679931', 'Eddie Bauer Men\'s CirrusLite Down Jacket', 99.99, 'men', 'sweaters-cardigans-coats-', 'Amazon', 'https://amzn.to/3PKLCKM', 'Solid Color] 100% Recycled Nylon, [Shell, Printed Color] 100% Recycled Polyester; Lining: 100% Recycled Nylon\r\nZipper closure\r\nMachine Wash\r\nSolid Color: 100% Recycled Nylon. Shell, Printed Color: 100% Recycled Polyester. Lining: 100% Recycled Nylon.\r\nJust like our original, the CirrusLite Down Jacket - Recycled is ultralight and packable, making it a consummate traveler, whether your destination is across town or far off the beaten path.\r\nThe recycled polyester shell has a durable, water-repellent finish (StormRepel DWR treatment) that causes moisture to bead and roll off rather than soaking into the fabric.\r\nThe 650-down insulation for added heat provides superior warmth in cold conditions, and the higher neckline maintains it.\r\nSecure zip side pockets for small essentials.', '2023-10-12 12:55:19'),
('680299', 'Lee Women\'s Relaxed Fit All Day Straight Leg Pant', 28, 'women', 'shirt-jacket-suit', 'Amazon', 'https://amzn.to/45uGro6', 'RELAXED FIT. With a loose fit through the pants, these pants sit at the waist for natural comfort. These pants go from the office to evening events with style and ease.\r\nCLASSIC 4-POCKET STYLING. These all-day work pants are designed with four pockets and a timeless look, perfect for most occasions.\r\nDRESS UP OR DOWN. Crafted from silky-soft fabric, these women\'s pants are made for the office or date night. A super-comfortable waistband ensures a great fit all day and night.', '2023-10-11 22:25:51'),
('685914', 'Amazon Essentials Men\'s Recycled Polyester Mid-Length Hooded Puffer (Available in Big & Tall)', 49.9, 'men', 'pants-jeans-khaki', 'Amazon', 'https://amzn.to/46KTmmX', '100% Polyester\r\nImported\r\nZip closure\r\nMachine Wash\r\nRELAXED FIT: Comfortable, relaxed fit through shoulders, chest, and waist.\r\nHEAVYWEIGHT PUFFER: Durable heavyweight quilted coat. Fully lined, quilted and insulated. Designed to keep you warm even on the coldest winter days.\r\nThis product contains 100% Recycled Claim Standard (RCS) certified recycled polyester', '2023-10-12 12:12:56'),
('717436', 'Legendary Whitetails Men\'s Maplewood Hooded Shirt Jacket', 0, 'men', 'sweaters-cardigans-coats-', 'Amazon', 'https://amzn.to/3Fg3wjK', '100% Cotton\r\nImported\r\nPolyester lining\r\nButton closure\r\nMachine Wash\r\nQuilted satin lined body and sleeves\r\n130 gm of poly-fill insulation', '2023-10-12 12:43:38'),
('718135', 'Eddie Bauer Men\'s CirrusLite Down Vest', 0, 'men', 'sweaters-cardigans-coats-', 'Amazon', 'https://amzn.to/48NcORY', 'Solid Color] 100% Recycled Nylon, [Shell, Printed Color] 100% Recycled Polyester; Lining: 100% Recycled Nylon\r\nZipper closure\r\nMachine Wash\r\nSolid Color: 100% Recycled Nylon. Shell, Printed Color: 100% Recycled Polyester. Lining: 100% Recycled Nylon.\r\nJust like our original, the CirrusLite Down Vest - Recycled is ultralight and packable, making it a consummate traveler, whether your destination is across town or far off the beaten path.\r\nThe recycled polyester shell has a durable, water-repellent finish (StormRepel DWR treatment) that causes moisture to bead and roll off rather than soaking into the fabric.\r\nThe 650-down insulation for added heat provides superior warmth in cold conditions, and the higher neckline maintains it.\r\nSecure zip side pockets for small essentials', '2023-10-12 12:53:26'),
('733569', 'Vince Camuto Women\'s Hailenda Flare Heel Pump', 99, 'women', 'flats-heels-pumps', 'Amazon', 'https://amzn.to/3M0jRNp', 'Synthetic Rubber sole\r\nSuede Material\r\nPump - Block Heel\r\nSlip On Closure', '2023-10-13 19:27:34'),
('749546', 'LifeStride Women\'s, Devyn Pump', 25.98, 'women', 'loafers-oxfords-derbies', 'Amazon', 'https://amzn.to/3PXtOME', '100% Synthetic\r\nImported\r\nPolyurethane sole\r\nFaux leather or fabric upper with a round toe, slip-on fit, and loafer-inspired styling\r\nSoft System comfort package provides all-day support, flex, and cushioning\r\nTraction sole provides you with extra stability\r\nJust Right Height 2 inch block heel', '2023-10-13 17:30:56'),
('751579', 'Nine West Women\'s Faras Pump', 99, 'women', 'flats-heels-pumps', 'Amazon', 'https://amzn.to/3ZYkEEu', 'Synthetic Rubber sole\r\nTurn heads in the Nine West Faras dress pumps! This pump features a high stiletto heel, modern pointy toe and a fashionable embellishment on the upper. This pump is sure to impress! Founded in 1978, Nine West empowers women to take on the world in style, from day to night.\r\nPointed Toe\r\nSlip on Closure\r\nImported\r\n3.98\" Heel Height', '2023-10-13 19:51:33'),
('773522', 'City Chic Women\'s Apparel Sandal', 0, 'women', 'flats-heels-pumps', 'Amazon', 'https://amzn.to/3tq5ETo', 'Polyurethane sole\r\nKey Features Include: - Wide fit - Cushioned soles - Round open toe - Side zip closure - Contrast faux leather cross-over ankle strap design - Faux suede fabrication - Block heel', '2023-10-13 19:44:29'),
('780684', 'Vince Camuto Women\'s Antinalie High Heel Sandal Heeled', 0, 'women', 'flats-heels-pumps', 'Amazon', 'https://amzn.to/3M2jlyp', 'Rubber sole\r\nPatent Leather Material\r\nSandal - Heeled\r\nBuckle Closure', '2023-10-13 19:47:56'),
('782508', 'Dickies womens Denim Double Front Bib Overalls', 58.99, 'women', 'jumpsuits-rompers-overall', 'Amazon', 'https://amzn.to/3RS2EcD', '70% Cotton/28% Polyester/2% Spandex\r\nImported\r\nButton closure\r\nMachine Wash\r\nDouble Front Denim Bib Overalls with knee pad openings and straight fit\r\nStretch fabric for comfort and mobility\r\n9 multi-use pockets', '2023-10-12 01:07:53'),
('786824', 'Dickies womens Women\'s Relaxed Fit Bib Overalls', 59.99, 'women', 'jumpsuits-rompers-overall', 'Amazon', 'https://amzn.to/3ZTyIyJ', '75% Cotton, 25% Polyester\r\nImported\r\nButton closure\r\nMachine Wash\r\nRelaxed fit, straight leg\r\n8 functional pockets featuring chest pocket with pencil division; Hammer loop & key loop keep your tools handy\r\nReinforced double needle stitching is super durable', '2023-10-12 01:27:53'),
('808638', 'Amazon Essentials Women\'s French Terry Fleece Full-Zip Hoodie (Available in Plus Size)', 25, 'women', 'sweaters-cardigans-coats', 'Amazon', 'https://amzn.to/3ZThW2R', '60% Cotton, 40% Polyester\r\nImported\r\nLace Up closure\r\nMachine Wash\r\nComfortable, flowy fit\r\nSoft and comfortable French terry fleece\r\nHood with adjustable drawstring\r\nAn Amazon brand', '2023-10-11 21:53:45'),
('820660', 'Amazon Essentials Women\'s Studio Terry Fleece Jumpsuit (Available in Plus Size)', 30.99, 'women', 'jumpsuits-rompers-overall', 'Amazon', 'https://amzn.to/3LW5byO', '57% Viscose, 38% Cotton, 5% Elastane\r\nImported\r\nDrawstring closure\r\nMachine Wash\r\nREGULAR FIT: Close but comfortable fit through chest, waist, hip and thigh\r\nSTUDIO LIGHT TERRY FLEECE: A lightweight and breathable fabric with an ultra-soft finish. This terry fleece has a moisture-wicking finish, helping you stay comfortable, and a 4-way gentle stretch for more flexibility during workouts.\r\nSTUDIO JUMPSUIT: Relax and lounge in this effortless all-in-one jumpsuit. Designed to sit just above the ankle. Whether you\'re heading out for a jog or running errands with the kids, our apparel is made to work out, live in, and lounge.', '2023-10-12 01:11:43'),
('824268', 'Amazon Essentials Women\'s French Terry Hooded Tunic Sweatshirt', 23, 'women', 'sweaters-cardigans-coats', 'Amazon', 'https://amzn.to/46qHPJI', 'REGULAR FIT: Close but comfortable fit through chest, waist, and hips.\r\nCOZY BRUSHED BACK FLEECE: Buttery soft and comfy midweight cotton blend fleece with brushed interior.\r\nTUNIC SWEATSHIRT: Features a longer body length to give you generous coverage. Perfect for work, travel, weekend wear, or lounging at home. Style back to your leggings, sweats, or jeans.\r\nDETAILS Adjustable drawstring hood, roomy kangaroo front pocket, feminine side slits, and soft rib detail at cuffs and hem for enhanced stretch and recovery.', '2023-10-11 21:49:52'),
('830054', 'Amazon Essentials Women\'s Classic-Fit Long-Sleeve Crewneck T-Shirt (Available in Plus Size)', 17, 'women', 't-shirts-polos-lacoste', 'Amazon', 'https://amzn.to/46OaMzl', '56% Cotton, 38% Modal, 6% Spandex\r\nImported\r\nNo Closure closure\r\nMachine Wash\r\nCLASSIC FIT: Close but comfortable fit with easy movement\r\nCOTTON MODAL BLEND JERSEY: Super soft cotton modal jersey with added stretch for all-day ease and comfort.\r\nESSENTIAL T-SHIRT: This versatile t-shirt is a classic wardrobe essential, perfect layered under your favorite jacket or cardigan, or wear on its own for casual, everyday style.\r\nDETAILS: Features a classic crew neck and long sleeves for casual and effortless style.', '2023-10-11 23:05:15'),
('846361', 'Liberty Womens Washed Duck Bib Overalls', 0, 'women', 'jumpsuits-rompers-overall', 'Amazon', 'https://amzn.to/3LVBnCt', '98% Cotton, 2% Spandex\r\nImported\r\nHook and Loop closure\r\nMachine Wash\r\nWomen’s fit\r\nSignature Liberty green accents Adjustable bib straps\r\nIconic 5-piece bib pocket with durable zipper and flap closure 2 lower front pockets and 2 back pockets Utility pockets and twisted hammer loop', '2023-10-12 01:03:11'),
('854063', 'The Children\'s Place Baby Family Matching, Football Pajama Sets, Cotton', 0, 'child-baby', '', 'Amazon', 'https://amzn.to/46HD8uS', '100% Cotton\r\nImported\r\nPull On closure\r\nMachine Wash\r\nPAJAMA SET— Made of 100% cotton jersey, these pajamas are the coziest choice for bedtime\r\nPAJAMA TOP — Features long sleeves with varsity stripes, rib-knit crew neck and sleeve cuffs and \'Tis The Season\' with football graphic design at front\r\nPAJAMA PANTS — Features pull-on elasticized waistband, banded leg cuffs and allover plaid', '2023-10-12 23:27:24'),
('872647', 'Calvin Klein Women\'s Plus Size Tulip Sleeved Seamed Sheath', 65, 'women', 'skirt-dress', 'Amazon', 'https://amzn.to/46FLwuM', '94% Polyester, 6% Spandex\r\nImported\r\nZipper closure\r\nDry Clean Only\r\nflattering fit\r\n\r\n#Dress, #Skirt, ', '2023-10-11 22:32:31'),
('901155', 'Lee Women\'s Plus Size Ultra Lux Comfort with Flex Motion Trouser Pant', 36.9, 'women', 'pants-jeans', 'Amazon', 'https://amzn.to/3tp46ch', '49% Cotton, 47% Polyester, 4% Spandex\r\nImported\r\nZipper closure\r\nMachine Wash\r\nREGULAR FIT. With a regular fit and mid rise, these pants are a work-wear must. These women\'s trousers have a flexible non-binding waistband for all-day comfort.\r\nFLEX MOTION. Made with flexible fabric and a non-binding waistband, these women\'s dress pants are made for long days. A work-appropriate classic, perfect for mixing and matching with your favorite tops.\r\nSLIM POCKETS. Two front slant pockets and back welt pockets offer convenient small-item storage.', '2023-10-12 02:07:37'),
('901466', 'Touch Ups Women\'s Riley Heeled Sandal', 0, 'women', 'flats-heels-pumps', 'Amazon', 'https://amzn.to/3tFiJZ2', 'Thermoplastic Rubber sole\r\nBreathable synthetic lining\r\ndesigned in USA', '2023-10-13 19:26:23'),
('903056', 'Amazon Essentials Men\'s Mock Neck Puffer (Available in Big & Tall)', 49.9, 'men', 'sweaters-cardigans-coats-', 'Amazon', 'https://amzn.to/3ZRbKZa', '100% Polyester\r\nImported\r\nZip closure\r\nMachine Wash\r\nRELAXED FIT: Comfortable, relaxed fit through shoulders, chest, and waist.\r\nWATER-RESISTANT POLYESTER TAFFETA: Polyester plain weave shell fabric. Fully lined, quilted and insulated.\r\nCOLD-WEATHER STYLING: Stay warm in this versatile water-resistant puffer jacket, featuring a stand collar to protect your neck from cold drafts.\r\nDETAILS: Full-length front zipper, two front zippered hand pockets, and knit interior sleeve cuffs.', '2023-10-12 12:52:02'),
('903121', 'Dr. Martens Leona Boot', 190.86, 'women', 'boots-ankle-boots', 'Amazon', 'https://amzn.to/48PAvZT', 'Made in the USA or Imported\r\nPolyvinyl Chloride sole\r\nShaft measures approximately 5.9 from arch\r\nBoot opening measures approximately 11.8\" around\r\nFarrier is a waxy aniline nappa leather with a subtle pull-up that looks even better over time\r\nPlatform height: 1 1/8 in; Heel height: 2 1/4 in\r\nMade with classic Doc\'s DNA, including grooved sole edges and iconic yellow stitching', '2023-10-13 16:30:56'),
('909952', 'YMI Womens Wannabettabutt Mid-Rise Skinny Jean Made with Recycled Fibers', 0, 'women', 'pants-jeans', 'Amazon', 'https://amzn.to/3QfO3GZ', 'It’s time for a refresh on your go-to skinnies! Our WannaBettaButt Mid-Rise Skinny Jean Made With Recycled Fibers features our signature WBB heart shaped butt stitching to highlight your natural curves.\r\nOur WannaBettaButt Mid-Rise Skinny Jean Made With Recycled Fibers is made to be a mid-rise fit that falls in between your hips and your belly button. These skinny jeans make the perfect everyday denim, designed with plenty of comfort and stretch.\r\nWear these casually with a front tucked tee and sneakers, or dress them up with a bodysuit and heeled sandals or boots!', '2023-10-11 23:36:56'),
('916715', 'Legendary Whitetails Women\'s Country High Fleece', 0, 'women', 'sweaters-cardigans-coats', 'Amazon', 'https://amzn.to/45qXFmu', '52% Cotton, 45% Modal, 3% Spandex\r\nImported\r\nPull On closure\r\nMachine Wash\r\nGREAT STYLE: The ombre motif provides an aesthetic appeal, while the raw edge seams add interest\r\nSOFT & COMFORTABLE: Made from cotton terry, modal, and spandex, this shirt is soft to the touch\r\nRELAXED FIT: This long sleeve shirt includes the right amount of room in all the right places, with an extended tail and side vent, it can be worn tucked in or untucked', '2023-10-11 21:40:43'),
('920921', 'The Drop Women\'s Iris Pull-On Midi Sweater Pencil Skirt', 46, 'women', 'skirt-dress', 'Amazon', 'https://amzn.to/3tB20WP', '100% Cotton\r\nImported\r\nPull On closure\r\nMachine Wash\r\nStaples by The Drop\r\nModels are 5\'10\" wearing a size S and XXL.\r\nThis midi length skirt measures 29\"/74 cm long.', '2023-10-12 00:10:00'),
('920969', 'Under Armour Women’s Crossback Mid Impact Sports Bra', 0, 'women', 'swimsuit-panties', 'Amazon', 'https://amzn.to/3LTVT6o', '100% Polyester\r\nImported\r\nPull-On closure\r\nMachine wash. Line dry\r\nDelivers strategic support, tailored for medium-support activities like cycling, weight training & boxing\r\nSoft, quick-drying cups provide extra structure & coverage with perforations for added breathability\r\nCrossover straps with updated keyhole detail for easier on/off', '2023-10-12 01:49:08'),
('922092', 'Hanes Women\'s Originals Panties Pack, Breathable Cotton Stretch Underwear, 6-Pack', 9.51, 'women', 'swimsuit-panties', 'Amazon', 'https://amzn.to/3ZYGA2g', '95% Cotton, 5% Spandex\r\nImported\r\nPull On closure\r\nMachine Wash\r\nBASICS THAT ARE FAR FROM BASIC - A stylish collection of cool, modern essentials designed for comfort, made for every body. Be yourself in Hanes Originals.\r\nBREATHABLE – Hanes cotton stretch underwear is breathable so you stay cooler.\r\nQUALITY FABRIC – Made from a cotton-stretch fabric that is soft, comfy, cool, and breathable.', '2023-10-12 01:47:41'),
('930510', 'Skechers Women\'s Hands Free Slip-ins for Work Dantey Parral Bungee Sr Health Care Professional Shoe', 90, 'women', 'boots-ankle-boots', 'Amazon', 'https://amzn.to/3Fd6eXs', 'Imported\r\nSynthetic Rubber sole\r\nLightweight Leather/Textile upper\r\nSkechers Hands Free Slip-ins molded heel panel for an easy fit\r\nAir-Cooled Memory Foam cushioned comfort insole\r\nWork Electrical Hazard hands free slip-ins Comfort Slip On Work & Safety', '2023-10-13 19:52:44'),
('941755', 'WHITE MOUNTAIN Women\'s Shoes Frenzies Mary Jane Block Heel', 0, 'women', 'flats-heels-pumps', 'Amazon', 'https://amzn.to/3LWnunB', 'Textile\r\nImported\r\nSynthetic sole\r\ncomfortable dress shoes for women\r\nMary jane\r\nRefined blocky heel\r\nMinimalist design', '2023-10-13 19:54:30'),
('970003', 'The Drop Women\'s Blake Long Blazer', 75, 'women', 'shirt-jacket-suit', 'Amazon', 'https://amzn.to/3Q9bfXb', '92% Polyester, 8% Spandex\r\nImported\r\nMachine Wash\r\nStaples by The Drop\r\nModels are 5\'10\"/178 cm and wearing a size S and XXL\r\nThis power blazer elevates any look in an instant. Notched collar, long silhouette', '2023-10-11 22:21:48'),
('990359', 'Roxy Women\'s Tahiti V Flip-Flop', 19, 'women', 'sandals-open-toe-shoes-slippers-espadrilles', 'Amazon', 'https://amzn.to/3M1njXZ', 'Made in the USA or Imported\r\nRubber sole\r\nEco-Conscious Fabric: Synthetic upper fabric\r\nFootbed: Dual density recycled EVA with graphic\r\nOutsole: Recycled EVA', '2023-10-13 20:04:22');

--
-- Index pour les tables déchargées
--

--
-- Index pour la table `product`
--
ALTER TABLE `product` ADD FULLTEXT KEY `title` (`title`);
ALTER TABLE `product` ADD FULLTEXT KEY `type` (`type`);

--
-- Contraintes pour les tables déchargées
--

--
-- Contraintes pour la table `category`
--
ALTER TABLE `category`
  ADD CONSTRAINT `category_ibfk_1` FOREIGN KEY (`number`) REFERENCES `product` (`number`) ON DELETE CASCADE ON UPDATE CASCADE;

--
-- Contraintes pour la table `images`
--
ALTER TABLE `images`
  ADD CONSTRAINT `images_ibfk_1` FOREIGN KEY (`number`) REFERENCES `product` (`number`) ON DELETE CASCADE ON UPDATE CASCADE;
COMMIT;

/*!40101 SET CHARACTER_SET_CLIENT=@OLD_CHARACTER_SET_CLIENT */;
/*!40101 SET CHARACTER_SET_RESULTS=@OLD_CHARACTER_SET_RESULTS */;
/*!40101 SET COLLATION_CONNECTION=@OLD_COLLATION_CONNECTION */;
